vu_id,user_iteration,request_slot,user_id,reservation_id,payment_id,payment_method,amount
1,1,1,9100001,81000000-0000-0000-0000-000000000001,82000000-0000-0000-0000-000000000001,CARD,150000
1,1,2,9100001,81000000-0000-0000-0000-000000000002,82000000-0000-0000-0000-000000000002,CARD,150000
1,2,1,9100002,81000000-0000-0000-0000-000000000003,82000000-0000-0000-0000-000000000003,CARD,150000
1,2,2,9100002,81000000-0000-0000-0000-000000000004,82000000-0000-0000-0000-000000000004,CARD,150000
1,3,1,9100003,81000000-0000-0000-0000-000000000005,82000000-0000-0000-0000-000000000005,CARD,150000
1,3,2,9100003,81000000-0000-0000-0000-000000000006,82000000-0000-0000-0000-000000000006,CARD,150000
1,4,1,9100004,81000000-0000-0000-0000-000000000007,82000000-0000-0000-0000-000000000007,CARD,150000
1,4,2,9100004,81000000-0000-0000-0000-000000000008,82000000-0000-0000-0000-000000000008,CARD,150000
1,5,1,9100005,81000000-0000-0000-0000-000000000009,82000000-0000-0000-0000-000000000009,CARD,150000
1,6,1,9100006,81000000-0000-0000-0000-000000000010,82000000-0000-0000-0000-000000000010,CARD,150000
2,1,1,9100007,81000000-0000-0000-0000-000000000011,82000000-0000-0000-0000-000000000011,CARD,150000
2,1,2,9100007,81000000-0000-0000-0000-000000000012,82000000-0000-0000-0000-000000000012,CARD,150000
2,2,1,9100008,81000000-0000-0000-0000-000000000013,82000000-0000-0000-0000-000000000013,CARD,150000
2,2,2,9100008,81000000-0000-0000-0000-000000000014,82000000-0000-0000-0000-000000000014,CARD,150000
2,3,1,9100009,81000000-0000-0000-0000-000000000015,82000000-0000-0000-0000-000000000015,CARD,150000
2,3,2,9100009,81000000-0000-0000-0000-000000000016,82000000-0000-0000-0000-000000000016,CARD,150000
2,4,1,9100010,81000000-0000-0000-0000-000000000017,82000000-0000-0000-0000-000000000017,CARD,150000
2,4,2,9100010,81000000-0000-0000-0000-000000000018,82000000-0000-0000-0000-000000000018,CARD,150000
2,5,1,9100011,81000000-0000-0000-0000-000000000019,82000000-0000-0000-0000-000000000019,CARD,150000
2,6,1,9100012,81000000-0000-0000-0000-000000000020,82000000-0000-0000-0000-000000000020,CARD,150000
3,1,1,9100013,81000000-0000-0000-0000-000000000021,82000000-0000-0000-0000-000000000021,CARD,150000
3,1,2,9100013,81000000-0000-0000-0000-000000000022,82000000-0000-0000-0000-000000000022,CARD,150000
3,2,1,9100014,81000000-0000-0000-0000-000000000023,82000000-0000-0000-0000-000000000023,CARD,150000
3,2,2,9100014,81000000-0000-0000-0000-000000000024,82000000-0000-0000-0000-000000000024,CARD,150000
3,3,1,9100015,81000000-0000-0000-0000-000000000025,82000000-0000-0000-0000-000000000025,CARD,150000
3,3,2,9100015,81000000-0000-0000-0000-000000000026,82000000-0000-0000-0000-000000000026,CARD,150000
3,4,1,9100016,81000000-0000-0000-0000-000000000027,82000000-0000-0000-0000-000000000027,CARD,150000
3,4,2,9100016,81000000-0000-0000-0000-000000000028,82000000-0000-0000-0000-000000000028,CARD,150000
3,5,1,9100017,81000000-0000-0000-0000-000000000029,82000000-0000-0000-0000-000000000029,CARD,150000
3,6,1,9100018,81000000-0000-0000-0000-000000000030,82000000-0000-0000-0000-000000000030,CARD,150000
4,1,1,9100019,81000000-0000-0000-0000-000000000031,82000000-0000-0000-0000-000000000031,CARD,150000
4,1,2,9100019,81000000-0000-0000-0000-000000000032,82000000-0000-0000-0000-000000000032,CARD,150000
4,2,1,9100020,81000000-0000-0000-0000-000000000033,82000000-0000-0000-0000-000000000033,CARD,150000
4,2,2,9100020,81000000-0000-0000-0000-000000000034,82000000-0000-0000-0000-000000000034,CARD,150000
4,3,1,9100021,81000000-0000-0000-0000-000000000035,82000000-0000-0000-0000-000000000035,CARD,150000
4,3,2,9100021,81000000-0000-0000-0000-000000000036,82000000-0000-0000-0000-000000000036,CARD,150000
4,4,1,9100022,81000000-0000-0000-0000-000000000037,82000000-0000-0000-0000-000000000037,CARD,150000
4,4,2,9100022,81000000-0000-0000-0000-000000000038,82000000-0000-0000-0000-000000000038,CARD,150000
4,5,1,9100023,81000000-0000-0000-0000-000000000039,82000000-0000-0000-0000-000000000039,CARD,150000
4,6,1,9100024,81000000-0000-0000-0000-000000000040,82000000-0000-0000-0000-000000000040,CARD,150000
5,1,1,9100025,81000000-0000-0000-0000-000000000041,82000000-0000-0000-0000-000000000041,CARD,150000
5,1,2,9100025,81000000-0000-0000-0000-000000000042,82000000-0000-0000-0000-000000000042,CARD,150000
5,2,1,9100026,81000000-0000-0000-0000-000000000043,82000000-0000-0000-0000-000000000043,CARD,150000
5,2,2,9100026,81000000-0000-0000-0000-000000000044,82000000-0000-0000-0000-000000000044,CARD,150000
5,3,1,9100027,81000000-0000-0000-0000-000000000045,82000000-0000-0000-0000-000000000045,CARD,150000
5,3,2,9100027,81000000-0000-0000-0000-000000000046,82000000-0000-0000-0000-000000000046,CARD,150000
5,4,1,9100028,81000000-0000-0000-0000-000000000047,82000000-0000-0000-0000-000000000047,CARD,150000
5,4,2,9100028,81000000-0000-0000-0000-000000000048,82000000-0000-0000-0000-000000000048,CARD,150000
5,5,1,9100029,81000000-0000-0000-0000-000000000049,82000000-0000-0000-0000-000000000049,CARD,150000
5,6,1,9100030,81000000-0000-0000-0000-000000000050,82000000-0000-0000-0000-000000000050,CARD,150000
6,1,1,9100031,81000000-0000-0000-0000-000000000051,82000000-0000-0000-0000-000000000051,CARD,150000
6,1,2,9100031,81000000-0000-0000-0000-000000000052,82000000-0000-0000-0000-000000000052,CARD,150000
6,2,1,9100032,81000000-0000-0000-0000-000000000053,82000000-0000-0000-0000-000000000053,CARD,150000
6,2,2,9100032,81000000-0000-0000-0000-000000000054,82000000-0000-0000-0000-000000000054,CARD,150000
6,3,1,9100033,81000000-0000-0000-0000-000000000055,82000000-0000-0000-0000-000000000055,CARD,150000
6,3,2,9100033,81000000-0000-0000-0000-000000000056,82000000-0000-0000-0000-000000000056,CARD,150000
6,4,1,9100034,81000000-0000-0000-0000-000000000057,82000000-0000-0000-0000-000000000057,CARD,150000
6,4,2,9100034,81000000-0000-0000-0000-000000000058,82000000-0000-0000-0000-000000000058,CARD,150000
6,5,1,9100035,81000000-0000-0000-0000-000000000059,82000000-0000-0000-0000-000000000059,CARD,150000
6,6,1,9100036,81000000-0000-0000-0000-000000000060,82000000-0000-0000-0000-000000000060,CARD,150000
7,1,1,9100037,81000000-0000-0000-0000-000000000061,82000000-0000-0000-0000-000000000061,CARD,150000
7,1,2,9100037,81000000-0000-0000-0000-000000000062,82000000-0000-0000-0000-000000000062,CARD,150000
7,2,1,9100038,81000000-0000-0000-0000-000000000063,82000000-0000-0000-0000-000000000063,CARD,150000
7,2,2,9100038,81000000-0000-0000-0000-000000000064,82000000-0000-0000-0000-000000000064,CARD,150000
7,3,1,9100039,81000000-0000-0000-0000-000000000065,82000000-0000-0000-0000-000000000065,CARD,150000
7,3,2,9100039,81000000-0000-0000-0000-000000000066,82000000-0000-0000-0000-000000000066,CARD,150000
7,4,1,9100040,81000000-0000-0000-0000-000000000067,82000000-0000-0000-0000-000000000067,CARD,150000
7,4,2,9100040,81000000-0000-0000-0000-000000000068,82000000-0000-0000-0000-000000000068,CARD,150000
7,5,1,9100041,81000000-0000-0000-0000-000000000069,82000000-0000-0000-0000-000000000069,CARD,150000
7,6,1,9100042,81000000-0000-0000-0000-000000000070,82000000-0000-0000-0000-000000000070,CARD,150000
8,1,1,9100043,81000000-0000-0000-0000-000000000071,82000000-0000-0000-0000-000000000071,CARD,150000
8,1,2,9100043,81000000-0000-0000-0000-000000000072,82000000-0000-0000-0000-000000000072,CARD,150000
8,2,1,9100044,81000000-0000-0000-0000-000000000073,82000000-0000-0000-0000-000000000073,CARD,150000
8,2,2,9100044,81000000-0000-0000-0000-000000000074,82000000-0000-0000-0000-000000000074,CARD,150000
8,3,1,9100045,81000000-0000-0000-0000-000000000075,82000000-0000-0000-0000-000000000075,CARD,150000
8,3,2,9100045,81000000-0000-0000-0000-000000000076,82000000-0000-0000-0000-000000000076,CARD,150000
8,4,1,9100046,81000000-0000-0000-0000-000000000077,82000000-0000-0000-0000-000000000077,CARD,150000
8,4,2,9100046,81000000-0000-0000-0000-000000000078,82000000-0000-0000-0000-000000000078,CARD,150000
8,5,1,9100047,81000000-0000-0000-0000-000000000079,82000000-0000-0000-0000-000000000079,CARD,150000
8,6,1,9100048,81000000-0000-0000-0000-000000000080,82000000-0000-0000-0000-000000000080,CARD,150000
9,1,1,9100049,81000000-0000-0000-0000-000000000081,82000000-0000-0000-0000-000000000081,CARD,150000
9,1,2,9100049,81000000-0000-0000-0000-000000000082,82000000-0000-0000-0000-000000000082,CARD,150000
9,2,1,9100050,81000000-0000-0000-0000-000000000083,82000000-0000-0000-0000-000000000083,CARD,150000
9,2,2,9100050,81000000-0000-0000-0000-000000000084,82000000-0000-0000-0000-000000000084,CARD,150000
9,3,1,9100051,81000000-0000-0000-0000-000000000085,82000000-0000-0000-0000-000000000085,CARD,150000
9,3,2,9100051,81000000-0000-0000-0000-000000000086,82000000-0000-0000-0000-000000000086,CARD,150000
9,4,1,9100052,81000000-0000-0000-0000-000000000087,82000000-0000-0000-0000-000000000087,CARD,150000
9,4,2,9100052,81000000-0000-0000-0000-000000000088,82000000-0000-0000-0000-000000000088,CARD,150000
9,5,1,9100053,81000000-0000-0000-0000-000000000089,82000000-0000-0000-0000-000000000089,CARD,150000
9,6,1,9100054,81000000-0000-0000-0000-000000000090,82000000-0000-0000-0000-000000000090,CARD,150000
10,1,1,9100055,81000000-0000-0000-0000-000000000091,82000000-0000-0000-0000-000000000091,CARD,150000
10,1,2,9100055,81000000-0000-0000-0000-000000000092,82000000-0000-0000-0000-000000000092,CARD,150000
10,2,1,9100056,81000000-0000-0000-0000-000000000093,82000000-0000-0000-0000-000000000093,CARD,150000
10,2,2,9100056,81000000-0000-0000-0000-000000000094,82000000-0000-0000-0000-000000000094,CARD,150000
10,3,1,9100057,81000000-0000-0000-0000-000000000095,82000000-0000-0000-0000-000000000095,CARD,150000
10,3,2,9100057,81000000-0000-0000-0000-000000000096,82000000-0000-0000-0000-000000000096,CARD,150000
10,4,1,9100058,81000000-0000-0000-0000-000000000097,82000000-0000-0000-0000-000000000097,CARD,150000
10,4,2,9100058,81000000-0000-0000-0000-000000000098,82000000-0000-0000-0000-000000000098,CARD,150000
10,5,1,9100059,81000000-0000-0000-0000-000000000099,82000000-0000-0000-0000-000000000099,CARD,150000
10,6,1,9100060,81000000-0000-0000-0000-000000000100,82000000-0000-0000-0000-000000000100,CARD,150000
11,1,1,9100061,81000000-0000-0000-0000-000000000101,82000000-0000-0000-0000-000000000101,CARD,150000
11,1,2,9100061,81000000-0000-0000-0000-000000000102,82000000-0000-0000-0000-000000000102,CARD,150000
11,2,1,9100062,81000000-0000-0000-0000-000000000103,82000000-0000-0000-0000-000000000103,CARD,150000
11,2,2,9100062,81000000-0000-0000-0000-000000000104,82000000-0000-0000-0000-000000000104,CARD,150000
11,3,1,9100063,81000000-0000-0000-0000-000000000105,82000000-0000-0000-0000-000000000105,CARD,150000
11,3,2,9100063,81000000-0000-0000-0000-000000000106,82000000-0000-0000-0000-000000000106,CARD,150000
11,4,1,9100064,81000000-0000-0000-0000-000000000107,82000000-0000-0000-0000-000000000107,CARD,150000
11,4,2,9100064,81000000-0000-0000-0000-000000000108,82000000-0000-0000-0000-000000000108,CARD,150000
11,5,1,9100065,81000000-0000-0000-0000-000000000109,82000000-0000-0000-0000-000000000109,CARD,150000
11,6,1,9100066,81000000-0000-0000-0000-000000000110,82000000-0000-0000-0000-000000000110,CARD,150000
12,1,1,9100067,81000000-0000-0000-0000-000000000111,82000000-0000-0000-0000-000000000111,CARD,150000
12,1,2,9100067,81000000-0000-0000-0000-000000000112,82000000-0000-0000-0000-000000000112,CARD,150000
12,2,1,9100068,81000000-0000-0000-0000-000000000113,82000000-0000-0000-0000-000000000113,CARD,150000
12,2,2,9100068,81000000-0000-0000-0000-000000000114,82000000-0000-0000-0000-000000000114,CARD,150000
12,3,1,9100069,81000000-0000-0000-0000-000000000115,82000000-0000-0000-0000-000000000115,CARD,150000
12,3,2,9100069,81000000-0000-0000-0000-000000000116,82000000-0000-0000-0000-000000000116,CARD,150000
12,4,1,9100070,81000000-0000-0000-0000-000000000117,82000000-0000-0000-0000-000000000117,CARD,150000
12,4,2,9100070,81000000-0000-0000-0000-000000000118,82000000-0000-0000-0000-000000000118,CARD,150000
12,5,1,9100071,81000000-0000-0000-0000-000000000119,82000000-0000-0000-0000-000000000119,CARD,150000
12,6,1,9100072,81000000-0000-0000-0000-000000000120,82000000-0000-0000-0000-000000000120,CARD,150000
13,1,1,9100073,81000000-0000-0000-0000-000000000121,82000000-0000-0000-0000-000000000121,CARD,150000
13,1,2,9100073,81000000-0000-0000-0000-000000000122,82000000-0000-0000-0000-000000000122,CARD,150000
13,2,1,9100074,81000000-0000-0000-0000-000000000123,82000000-0000-0000-0000-000000000123,CARD,150000
13,2,2,9100074,81000000-0000-0000-0000-000000000124,82000000-0000-0000-0000-000000000124,CARD,150000
13,3,1,9100075,81000000-0000-0000-0000-000000000125,82000000-0000-0000-0000-000000000125,CARD,150000
13,3,2,9100075,81000000-0000-0000-0000-000000000126,82000000-0000-0000-0000-000000000126,CARD,150000
13,4,1,9100076,81000000-0000-0000-0000-000000000127,82000000-0000-0000-0000-000000000127,CARD,150000
13,4,2,9100076,81000000-0000-0000-0000-000000000128,82000000-0000-0000-0000-000000000128,CARD,150000
13,5,1,9100077,81000000-0000-0000-0000-000000000129,82000000-0000-0000-0000-000000000129,CARD,150000
13,6,1,9100078,81000000-0000-0000-0000-000000000130,82000000-0000-0000-0000-000000000130,CARD,150000
14,1,1,9100079,81000000-0000-0000-0000-000000000131,82000000-0000-0000-0000-000000000131,CARD,150000
14,1,2,9100079,81000000-0000-0000-0000-000000000132,82000000-0000-0000-0000-000000000132,CARD,150000
14,2,1,9100080,81000000-0000-0000-0000-000000000133,82000000-0000-0000-0000-000000000133,CARD,150000
14,2,2,9100080,81000000-0000-0000-0000-000000000134,82000000-0000-0000-0000-000000000134,CARD,150000
14,3,1,9100081,81000000-0000-0000-0000-000000000135,82000000-0000-0000-0000-000000000135,CARD,150000
14,3,2,9100081,81000000-0000-0000-0000-000000000136,82000000-0000-0000-0000-000000000136,CARD,150000
14,4,1,9100082,81000000-0000-0000-0000-000000000137,82000000-0000-0000-0000-000000000137,CARD,150000
14,4,2,9100082,81000000-0000-0000-0000-000000000138,82000000-0000-0000-0000-000000000138,CARD,150000
14,5,1,9100083,81000000-0000-0000-0000-000000000139,82000000-0000-0000-0000-000000000139,CARD,150000
14,6,1,9100084,81000000-0000-0000-0000-000000000140,82000000-0000-0000-0000-000000000140,CARD,150000
15,1,1,9100085,81000000-0000-0000-0000-000000000141,82000000-0000-0000-0000-000000000141,CARD,150000
15,1,2,9100085,81000000-0000-0000-0000-000000000142,82000000-0000-0000-0000-000000000142,CARD,150000
15,2,1,9100086,81000000-0000-0000-0000-000000000143,82000000-0000-0000-0000-000000000143,CARD,150000
15,2,2,9100086,81000000-0000-0000-0000-000000000144,82000000-0000-0000-0000-000000000144,CARD,150000
15,3,1,9100087,81000000-0000-0000-0000-000000000145,82000000-0000-0000-0000-000000000145,CARD,150000
15,3,2,9100087,81000000-0000-0000-0000-000000000146,82000000-0000-0000-0000-000000000146,CARD,150000
15,4,1,9100088,81000000-0000-0000-0000-000000000147,82000000-0000-0000-0000-000000000147,CARD,150000
15,4,2,9100088,81000000-0000-0000-0000-000000000148,82000000-0000-0000-0000-000000000148,CARD,150000
15,5,1,9100089,81000000-0000-0000-0000-000000000149,82000000-0000-0000-0000-000000000149,CARD,150000
15,6,1,9100090,81000000-0000-0000-0000-000000000150,82000000-0000-0000-0000-000000000150,CARD,150000
16,1,1,9100091,81000000-0000-0000-0000-000000000151,82000000-0000-0000-0000-000000000151,CARD,150000
16,1,2,9100091,81000000-0000-0000-0000-000000000152,82000000-0000-0000-0000-000000000152,CARD,150000
16,2,1,9100092,81000000-0000-0000-0000-000000000153,82000000-0000-0000-0000-000000000153,CARD,150000
16,2,2,9100092,81000000-0000-0000-0000-000000000154,82000000-0000-0000-0000-000000000154,CARD,150000
16,3,1,9100093,81000000-0000-0000-0000-000000000155,82000000-0000-0000-0000-000000000155,CARD,150000
16,3,2,9100093,81000000-0000-0000-0000-000000000156,82000000-0000-0000-0000-000000000156,CARD,150000
16,4,1,9100094,81000000-0000-0000-0000-000000000157,82000000-0000-0000-0000-000000000157,CARD,150000
16,4,2,9100094,81000000-0000-0000-0000-000000000158,82000000-0000-0000-0000-000000000158,CARD,150000
16,5,1,9100095,81000000-0000-0000-0000-000000000159,82000000-0000-0000-0000-000000000159,CARD,150000
16,6,1,9100096,81000000-0000-0000-0000-000000000160,82000000-0000-0000-0000-000000000160,CARD,150000
17,1,1,9100097,81000000-0000-0000-0000-000000000161,82000000-0000-0000-0000-000000000161,CARD,150000
17,1,2,9100097,81000000-0000-0000-0000-000000000162,82000000-0000-0000-0000-000000000162,CARD,150000
17,2,1,9100098,81000000-0000-0000-0000-000000000163,82000000-0000-0000-0000-000000000163,CARD,150000
17,2,2,9100098,81000000-0000-0000-0000-000000000164,82000000-0000-0000-0000-000000000164,CARD,150000
17,3,1,9100099,81000000-0000-0000-0000-000000000165,82000000-0000-0000-0000-000000000165,CARD,150000
17,3,2,9100099,81000000-0000-0000-0000-000000000166,82000000-0000-0000-0000-000000000166,CARD,150000
17,4,1,9100100,81000000-0000-0000-0000-000000000167,82000000-0000-0000-0000-000000000167,CARD,150000
17,4,2,9100100,81000000-0000-0000-0000-000000000168,82000000-0000-0000-0000-000000000168,CARD,150000
17,5,1,9100101,81000000-0000-0000-0000-000000000169,82000000-0000-0000-0000-000000000169,CARD,150000
17,6,1,9100102,81000000-0000-0000-0000-000000000170,82000000-0000-0000-0000-000000000170,CARD,150000
18,1,1,9100103,81000000-0000-0000-0000-000000000171,82000000-0000-0000-0000-000000000171,CARD,150000
18,1,2,9100103,81000000-0000-0000-0000-000000000172,82000000-0000-0000-0000-000000000172,CARD,150000
18,2,1,9100104,81000000-0000-0000-0000-000000000173,82000000-0000-0000-0000-000000000173,CARD,150000
18,2,2,9100104,81000000-0000-0000-0000-000000000174,82000000-0000-0000-0000-000000000174,CARD,150000
18,3,1,9100105,81000000-0000-0000-0000-000000000175,82000000-0000-0000-0000-000000000175,CARD,150000
18,3,2,9100105,81000000-0000-0000-0000-000000000176,82000000-0000-0000-0000-000000000176,CARD,150000
18,4,1,9100106,81000000-0000-0000-0000-000000000177,82000000-0000-0000-0000-000000000177,CARD,150000
18,4,2,9100106,81000000-0000-0000-0000-000000000178,82000000-0000-0000-0000-000000000178,CARD,150000
18,5,1,9100107,81000000-0000-0000-0000-000000000179,82000000-0000-0000-0000-000000000179,CARD,150000
18,6,1,9100108,81000000-0000-0000-0000-000000000180,82000000-0000-0000-0000-000000000180,CARD,150000
19,1,1,9100109,81000000-0000-0000-0000-000000000181,82000000-0000-0000-0000-000000000181,CARD,150000
19,1,2,9100109,81000000-0000-0000-0000-000000000182,82000000-0000-0000-0000-000000000182,CARD,150000
19,2,1,9100110,81000000-0000-0000-0000-000000000183,82000000-0000-0000-0000-000000000183,CARD,150000
19,2,2,9100110,81000000-0000-0000-0000-000000000184,82000000-0000-0000-0000-000000000184,CARD,150000
19,3,1,9100111,81000000-0000-0000-0000-000000000185,82000000-0000-0000-0000-000000000185,CARD,150000
19,3,2,9100111,81000000-0000-0000-0000-000000000186,82000000-0000-0000-0000-000000000186,CARD,150000
19,4,1,9100112,81000000-0000-0000-0000-000000000187,82000000-0000-0000-0000-000000000187,CARD,150000
19,4,2,9100112,81000000-0000-0000-0000-000000000188,82000000-0000-0000-0000-000000000188,CARD,150000
19,5,1,9100113,81000000-0000-0000-0000-000000000189,82000000-0000-0000-0000-000000000189,CARD,150000
19,6,1,9100114,81000000-0000-0000-0000-000000000190,82000000-0000-0000-0000-000000000190,CARD,150000
20,1,1,9100115,81000000-0000-0000-0000-000000000191,82000000-0000-0000-0000-000000000191,CARD,150000
20,1,2,9100115,81000000-0000-0000-0000-000000000192,82000000-0000-0000-0000-000000000192,CARD,150000
20,2,1,9100116,81000000-0000-0000-0000-000000000193,82000000-0000-0000-0000-000000000193,CARD,150000
20,2,2,9100116,81000000-0000-0000-0000-000000000194,82000000-0000-0000-0000-000000000194,CARD,150000
20,3,1,9100117,81000000-0000-0000-0000-000000000195,82000000-0000-0000-0000-000000000195,CARD,150000
20,3,2,9100117,81000000-0000-0000-0000-000000000196,82000000-0000-0000-0000-000000000196,CARD,150000
20,4,1,9100118,81000000-0000-0000-0000-000000000197,82000000-0000-0000-0000-000000000197,CARD,150000
20,4,2,9100118,81000000-0000-0000-0000-000000000198,82000000-0000-0000-0000-000000000198,CARD,150000
20,5,1,9100119,81000000-0000-0000-0000-000000000199,82000000-0000-0000-0000-000000000199,CARD,150000
20,6,1,9100120,81000000-0000-0000-0000-000000000200,82000000-0000-0000-0000-000000000200,CARD,150000
21,1,1,9100121,81000000-0000-0000-0000-000000000201,82000000-0000-0000-0000-000000000201,CARD,150000
21,1,2,9100121,81000000-0000-0000-0000-000000000202,82000000-0000-0000-0000-000000000202,CARD,150000
21,2,1,9100122,81000000-0000-0000-0000-000000000203,82000000-0000-0000-0000-000000000203,CARD,150000
21,2,2,9100122,81000000-0000-0000-0000-000000000204,82000000-0000-0000-0000-000000000204,CARD,150000
21,3,1,9100123,81000000-0000-0000-0000-000000000205,82000000-0000-0000-0000-000000000205,CARD,150000
21,3,2,9100123,81000000-0000-0000-0000-000000000206,82000000-0000-0000-0000-000000000206,CARD,150000
21,4,1,9100124,81000000-0000-0000-0000-000000000207,82000000-0000-0000-0000-000000000207,CARD,150000
21,4,2,9100124,81000000-0000-0000-0000-000000000208,82000000-0000-0000-0000-000000000208,CARD,150000
21,5,1,9100125,81000000-0000-0000-0000-000000000209,82000000-0000-0000-0000-000000000209,CARD,150000
21,6,1,9100126,81000000-0000-0000-0000-000000000210,82000000-0000-0000-0000-000000000210,CARD,150000
22,1,1,9100127,81000000-0000-0000-0000-000000000211,82000000-0000-0000-0000-000000000211,CARD,150000
22,1,2,9100127,81000000-0000-0000-0000-000000000212,82000000-0000-0000-0000-000000000212,CARD,150000
22,2,1,9100128,81000000-0000-0000-0000-000000000213,82000000-0000-0000-0000-000000000213,CARD,150000
22,2,2,9100128,81000000-0000-0000-0000-000000000214,82000000-0000-0000-0000-000000000214,CARD,150000
22,3,1,9100129,81000000-0000-0000-0000-000000000215,82000000-0000-0000-0000-000000000215,CARD,150000
22,3,2,9100129,81000000-0000-0000-0000-000000000216,82000000-0000-0000-0000-000000000216,CARD,150000
22,4,1,9100130,81000000-0000-0000-0000-000000000217,82000000-0000-0000-0000-000000000217,CARD,150000
22,4,2,9100130,81000000-0000-0000-0000-000000000218,82000000-0000-0000-0000-000000000218,CARD,150000
22,5,1,9100131,81000000-0000-0000-0000-000000000219,82000000-0000-0000-0000-000000000219,CARD,150000
22,6,1,9100132,81000000-0000-0000-0000-000000000220,82000000-0000-0000-0000-000000000220,CARD,150000
23,1,1,9100133,81000000-0000-0000-0000-000000000221,82000000-0000-0000-0000-000000000221,CARD,150000
23,1,2,9100133,81000000-0000-0000-0000-000000000222,82000000-0000-0000-0000-000000000222,CARD,150000
23,2,1,9100134,81000000-0000-0000-0000-000000000223,82000000-0000-0000-0000-000000000223,CARD,150000
23,2,2,9100134,81000000-0000-0000-0000-000000000224,82000000-0000-0000-0000-000000000224,CARD,150000
23,3,1,9100135,81000000-0000-0000-0000-000000000225,82000000-0000-0000-0000-000000000225,CARD,150000
23,3,2,9100135,81000000-0000-0000-0000-000000000226,82000000-0000-0000-0000-000000000226,CARD,150000
23,4,1,9100136,81000000-0000-0000-0000-000000000227,82000000-0000-0000-0000-000000000227,CARD,150000
23,4,2,9100136,81000000-0000-0000-0000-000000000228,82000000-0000-0000-0000-000000000228,CARD,150000
23,5,1,9100137,81000000-0000-0000-0000-000000000229,82000000-0000-0000-0000-000000000229,CARD,150000
23,6,1,9100138,81000000-0000-0000-0000-000000000230,82000000-0000-0000-0000-000000000230,CARD,150000
24,1,1,9100139,81000000-0000-0000-0000-000000000231,82000000-0000-0000-0000-000000000231,CARD,150000
24,1,2,9100139,81000000-0000-0000-0000-000000000232,82000000-0000-0000-0000-000000000232,CARD,150000
24,2,1,9100140,81000000-0000-0000-0000-000000000233,82000000-0000-0000-0000-000000000233,CARD,150000
24,2,2,9100140,81000000-0000-0000-0000-000000000234,82000000-0000-0000-0000-000000000234,CARD,150000
24,3,1,9100141,81000000-0000-0000-0000-000000000235,82000000-0000-0000-0000-000000000235,CARD,150000
24,3,2,9100141,81000000-0000-0000-0000-000000000236,82000000-0000-0000-0000-000000000236,CARD,150000
24,4,1,9100142,81000000-0000-0000-0000-000000000237,82000000-0000-0000-0000-000000000237,CARD,150000
24,4,2,9100142,81000000-0000-0000-0000-000000000238,82000000-0000-0000-0000-000000000238,CARD,150000
24,5,1,9100143,81000000-0000-0000-0000-000000000239,82000000-0000-0000-0000-000000000239,CARD,150000
24,6,1,9100144,81000000-0000-0000-0000-000000000240,82000000-0000-0000-0000-000000000240,CARD,150000
25,1,1,9100145,81000000-0000-0000-0000-000000000241,82000000-0000-0000-0000-000000000241,CARD,150000
25,1,2,9100145,81000000-0000-0000-0000-000000000242,82000000-0000-0000-0000-000000000242,CARD,150000
25,2,1,9100146,81000000-0000-0000-0000-000000000243,82000000-0000-0000-0000-000000000243,CARD,150000
25,2,2,9100146,81000000-0000-0000-0000-000000000244,82000000-0000-0000-0000-000000000244,CARD,150000
25,3,1,9100147,81000000-0000-0000-0000-000000000245,82000000-0000-0000-0000-000000000245,CARD,150000
25,3,2,9100147,81000000-0000-0000-0000-000000000246,82000000-0000-0000-0000-000000000246,CARD,150000
25,4,1,9100148,81000000-0000-0000-0000-000000000247,82000000-0000-0000-0000-000000000247,CARD,150000
25,4,2,9100148,81000000-0000-0000-0000-000000000248,82000000-0000-0000-0000-000000000248,CARD,150000
25,5,1,9100149,81000000-0000-0000-0000-000000000249,82000000-0000-0000-0000-000000000249,CARD,150000
25,6,1,9100150,81000000-0000-0000-0000-000000000250,82000000-0000-0000-0000-000000000250,CARD,150000
26,1,1,9100151,81000000-0000-0000-0000-000000000251,82000000-0000-0000-0000-000000000251,CARD,150000
26,1,2,9100151,81000000-0000-0000-0000-000000000252,82000000-0000-0000-0000-000000000252,CARD,150000
26,2,1,9100152,81000000-0000-0000-0000-000000000253,82000000-0000-0000-0000-000000000253,CARD,150000
26,2,2,9100152,81000000-0000-0000-0000-000000000254,82000000-0000-0000-0000-000000000254,CARD,150000
26,3,1,9100153,81000000-0000-0000-0000-000000000255,82000000-0000-0000-0000-000000000255,CARD,150000
26,3,2,9100153,81000000-0000-0000-0000-000000000256,82000000-0000-0000-0000-000000000256,CARD,150000
26,4,1,9100154,81000000-0000-0000-0000-000000000257,82000000-0000-0000-0000-000000000257,CARD,150000
26,4,2,9100154,81000000-0000-0000-0000-000000000258,82000000-0000-0000-0000-000000000258,CARD,150000
26,5,1,9100155,81000000-0000-0000-0000-000000000259,82000000-0000-0000-0000-000000000259,CARD,150000
26,6,1,9100156,81000000-0000-0000-0000-000000000260,82000000-0000-0000-0000-000000000260,CARD,150000
27,1,1,9100157,81000000-0000-0000-0000-000000000261,82000000-0000-0000-0000-000000000261,CARD,150000
27,1,2,9100157,81000000-0000-0000-0000-000000000262,82000000-0000-0000-0000-000000000262,CARD,150000
27,2,1,9100158,81000000-0000-0000-0000-000000000263,82000000-0000-0000-0000-000000000263,CARD,150000
27,2,2,9100158,81000000-0000-0000-0000-000000000264,82000000-0000-0000-0000-000000000264,CARD,150000
27,3,1,9100159,81000000-0000-0000-0000-000000000265,82000000-0000-0000-0000-000000000265,CARD,150000
27,3,2,9100159,81000000-0000-0000-0000-000000000266,82000000-0000-0000-0000-000000000266,CARD,150000
27,4,1,9100160,81000000-0000-0000-0000-000000000267,82000000-0000-0000-0000-000000000267,CARD,150000
27,4,2,9100160,81000000-0000-0000-0000-000000000268,82000000-0000-0000-0000-000000000268,CARD,150000
27,5,1,9100161,81000000-0000-0000-0000-000000000269,82000000-0000-0000-0000-000000000269,CARD,150000
27,6,1,9100162,81000000-0000-0000-0000-000000000270,82000000-0000-0000-0000-000000000270,CARD,150000
28,1,1,9100163,81000000-0000-0000-0000-000000000271,82000000-0000-0000-0000-000000000271,CARD,150000
28,1,2,9100163,81000000-0000-0000-0000-000000000272,82000000-0000-0000-0000-000000000272,CARD,150000
28,2,1,9100164,81000000-0000-0000-0000-000000000273,82000000-0000-0000-0000-000000000273,CARD,150000
28,2,2,9100164,81000000-0000-0000-0000-000000000274,82000000-0000-0000-0000-000000000274,CARD,150000
28,3,1,9100165,81000000-0000-0000-0000-000000000275,82000000-0000-0000-0000-000000000275,CARD,150000
28,3,2,9100165,81000000-0000-0000-0000-000000000276,82000000-0000-0000-0000-000000000276,CARD,150000
28,4,1,9100166,81000000-0000-0000-0000-000000000277,82000000-0000-0000-0000-000000000277,CARD,150000
28,4,2,9100166,81000000-0000-0000-0000-000000000278,82000000-0000-0000-0000-000000000278,CARD,150000
28,5,1,9100167,81000000-0000-0000-0000-000000000279,82000000-0000-0000-0000-000000000279,CARD,150000
28,6,1,9100168,81000000-0000-0000-0000-000000000280,82000000-0000-0000-0000-000000000280,CARD,150000
29,1,1,9100169,81000000-0000-0000-0000-000000000281,82000000-0000-0000-0000-000000000281,CARD,150000
29,1,2,9100169,81000000-0000-0000-0000-000000000282,82000000-0000-0000-0000-000000000282,CARD,150000
29,2,1,9100170,81000000-0000-0000-0000-000000000283,82000000-0000-0000-0000-000000000283,CARD,150000
29,2,2,9100170,81000000-0000-0000-0000-000000000284,82000000-0000-0000-0000-000000000284,CARD,150000
29,3,1,9100171,81000000-0000-0000-0000-000000000285,82000000-0000-0000-0000-000000000285,CARD,150000
29,3,2,9100171,81000000-0000-0000-0000-000000000286,82000000-0000-0000-0000-000000000286,CARD,150000
29,4,1,9100172,81000000-0000-0000-0000-000000000287,82000000-0000-0000-0000-000000000287,CARD,150000
29,4,2,9100172,81000000-0000-0000-0000-000000000288,82000000-0000-0000-0000-000000000288,CARD,150000
29,5,1,9100173,81000000-0000-0000-0000-000000000289,82000000-0000-0000-0000-000000000289,CARD,150000
29,6,1,9100174,81000000-0000-0000-0000-000000000290,82000000-0000-0000-0000-000000000290,CARD,150000
30,1,1,9100175,81000000-0000-0000-0000-000000000291,82000000-0000-0000-0000-000000000291,CARD,150000
30,1,2,9100175,81000000-0000-0000-0000-000000000292,82000000-0000-0000-0000-000000000292,CARD,150000
30,2,1,9100176,81000000-0000-0000-0000-000000000293,82000000-0000-0000-0000-000000000293,CARD,150000
30,2,2,9100176,81000000-0000-0000-0000-000000000294,82000000-0000-0000-0000-000000000294,CARD,150000
30,3,1,9100177,81000000-0000-0000-0000-000000000295,82000000-0000-0000-0000-000000000295,CARD,150000
30,3,2,9100177,81000000-0000-0000-0000-000000000296,82000000-0000-0000-0000-000000000296,CARD,150000
30,4,1,9100178,81000000-0000-0000-0000-000000000297,82000000-0000-0000-0000-000000000297,CARD,150000
30,4,2,9100178,81000000-0000-0000-0000-000000000298,82000000-0000-0000-0000-000000000298,CARD,150000
30,5,1,9100179,81000000-0000-0000-0000-000000000299,82000000-0000-0000-0000-000000000299,CARD,150000
30,6,1,9100180,81000000-0000-0000-0000-000000000300,82000000-0000-0000-0000-000000000300,CARD,150000
31,1,1,9100181,81000000-0000-0000-0000-000000000301,82000000-0000-0000-0000-000000000301,CARD,150000
31,1,2,9100181,81000000-0000-0000-0000-000000000302,82000000-0000-0000-0000-000000000302,CARD,150000
31,2,1,9100182,81000000-0000-0000-0000-000000000303,82000000-0000-0000-0000-000000000303,CARD,150000
31,2,2,9100182,81000000-0000-0000-0000-000000000304,82000000-0000-0000-0000-000000000304,CARD,150000
31,3,1,9100183,81000000-0000-0000-0000-000000000305,82000000-0000-0000-0000-000000000305,CARD,150000
31,3,2,9100183,81000000-0000-0000-0000-000000000306,82000000-0000-0000-0000-000000000306,CARD,150000
31,4,1,9100184,81000000-0000-0000-0000-000000000307,82000000-0000-0000-0000-000000000307,CARD,150000
31,4,2,9100184,81000000-0000-0000-0000-000000000308,82000000-0000-0000-0000-000000000308,CARD,150000
31,5,1,9100185,81000000-0000-0000-0000-000000000309,82000000-0000-0000-0000-000000000309,CARD,150000
31,6,1,9100186,81000000-0000-0000-0000-000000000310,82000000-0000-0000-0000-000000000310,CARD,150000
32,1,1,9100187,81000000-0000-0000-0000-000000000311,82000000-0000-0000-0000-000000000311,CARD,150000
32,1,2,9100187,81000000-0000-0000-0000-000000000312,82000000-0000-0000-0000-000000000312,CARD,150000
32,2,1,9100188,81000000-0000-0000-0000-000000000313,82000000-0000-0000-0000-000000000313,CARD,150000
32,2,2,9100188,81000000-0000-0000-0000-000000000314,82000000-0000-0000-0000-000000000314,CARD,150000
32,3,1,9100189,81000000-0000-0000-0000-000000000315,82000000-0000-0000-0000-000000000315,CARD,150000
32,3,2,9100189,81000000-0000-0000-0000-000000000316,82000000-0000-0000-0000-000000000316,CARD,150000
32,4,1,9100190,81000000-0000-0000-0000-000000000317,82000000-0000-0000-0000-000000000317,CARD,150000
32,4,2,9100190,81000000-0000-0000-0000-000000000318,82000000-0000-0000-0000-000000000318,CARD,150000
32,5,1,9100191,81000000-0000-0000-0000-000000000319,82000000-0000-0000-0000-000000000319,CARD,150000
32,6,1,9100192,81000000-0000-0000-0000-000000000320,82000000-0000-0000-0000-000000000320,CARD,150000
33,1,1,9100193,81000000-0000-0000-0000-000000000321,82000000-0000-0000-0000-000000000321,CARD,150000
33,1,2,9100193,81000000-0000-0000-0000-000000000322,82000000-0000-0000-0000-000000000322,CARD,150000
33,2,1,9100194,81000000-0000-0000-0000-000000000323,82000000-0000-0000-0000-000000000323,CARD,150000
33,2,2,9100194,81000000-0000-0000-0000-000000000324,82000000-0000-0000-0000-000000000324,CARD,150000
33,3,1,9100195,81000000-0000-0000-0000-000000000325,82000000-0000-0000-0000-000000000325,CARD,150000
33,3,2,9100195,81000000-0000-0000-0000-000000000326,82000000-0000-0000-0000-000000000326,CARD,150000
33,4,1,9100196,81000000-0000-0000-0000-000000000327,82000000-0000-0000-0000-000000000327,CARD,150000
33,4,2,9100196,81000000-0000-0000-0000-000000000328,82000000-0000-0000-0000-000000000328,CARD,150000
33,5,1,9100197,81000000-0000-0000-0000-000000000329,82000000-0000-0000-0000-000000000329,CARD,150000
33,6,1,9100198,81000000-0000-0000-0000-000000000330,82000000-0000-0000-0000-000000000330,CARD,150000
34,1,1,9100199,81000000-0000-0000-0000-000000000331,82000000-0000-0000-0000-000000000331,CARD,150000
34,1,2,9100199,81000000-0000-0000-0000-000000000332,82000000-0000-0000-0000-000000000332,CARD,150000
34,2,1,9100200,81000000-0000-0000-0000-000000000333,82000000-0000-0000-0000-000000000333,CARD,150000
34,2,2,9100200,81000000-0000-0000-0000-000000000334,82000000-0000-0000-0000-000000000334,CARD,150000
34,3,1,9100201,81000000-0000-0000-0000-000000000335,82000000-0000-0000-0000-000000000335,CARD,150000
34,3,2,9100201,81000000-0000-0000-0000-000000000336,82000000-0000-0000-0000-000000000336,CARD,150000
34,4,1,9100202,81000000-0000-0000-0000-000000000337,82000000-0000-0000-0000-000000000337,CARD,150000
34,4,2,9100202,81000000-0000-0000-0000-000000000338,82000000-0000-0000-0000-000000000338,CARD,150000
34,5,1,9100203,81000000-0000-0000-0000-000000000339,82000000-0000-0000-0000-000000000339,CARD,150000
34,6,1,9100204,81000000-0000-0000-0000-000000000340,82000000-0000-0000-0000-000000000340,CARD,150000
35,1,1,9100205,81000000-0000-0000-0000-000000000341,82000000-0000-0000-0000-000000000341,CARD,150000
35,1,2,9100205,81000000-0000-0000-0000-000000000342,82000000-0000-0000-0000-000000000342,CARD,150000
35,2,1,9100206,81000000-0000-0000-0000-000000000343,82000000-0000-0000-0000-000000000343,CARD,150000
35,2,2,9100206,81000000-0000-0000-0000-000000000344,82000000-0000-0000-0000-000000000344,CARD,150000
35,3,1,9100207,81000000-0000-0000-0000-000000000345,82000000-0000-0000-0000-000000000345,CARD,150000
35,3,2,9100207,81000000-0000-0000-0000-000000000346,82000000-0000-0000-0000-000000000346,CARD,150000
35,4,1,9100208,81000000-0000-0000-0000-000000000347,82000000-0000-0000-0000-000000000347,CARD,150000
35,4,2,9100208,81000000-0000-0000-0000-000000000348,82000000-0000-0000-0000-000000000348,CARD,150000
35,5,1,9100209,81000000-0000-0000-0000-000000000349,82000000-0000-0000-0000-000000000349,CARD,150000
35,6,1,9100210,81000000-0000-0000-0000-000000000350,82000000-0000-0000-0000-000000000350,CARD,150000
36,1,1,9100211,81000000-0000-0000-0000-000000000351,82000000-0000-0000-0000-000000000351,CARD,150000
36,1,2,9100211,81000000-0000-0000-0000-000000000352,82000000-0000-0000-0000-000000000352,CARD,150000
36,2,1,9100212,81000000-0000-0000-0000-000000000353,82000000-0000-0000-0000-000000000353,CARD,150000
36,2,2,9100212,81000000-0000-0000-0000-000000000354,82000000-0000-0000-0000-000000000354,CARD,150000
36,3,1,9100213,81000000-0000-0000-0000-000000000355,82000000-0000-0000-0000-000000000355,CARD,150000
36,3,2,9100213,81000000-0000-0000-0000-000000000356,82000000-0000-0000-0000-000000000356,CARD,150000
36,4,1,9100214,81000000-0000-0000-0000-000000000357,82000000-0000-0000-0000-000000000357,CARD,150000
36,4,2,9100214,81000000-0000-0000-0000-000000000358,82000000-0000-0000-0000-000000000358,CARD,150000
36,5,1,9100215,81000000-0000-0000-0000-000000000359,82000000-0000-0000-0000-000000000359,CARD,150000
36,6,1,9100216,81000000-0000-0000-0000-000000000360,82000000-0000-0000-0000-000000000360,CARD,150000
37,1,1,9100217,81000000-0000-0000-0000-000000000361,82000000-0000-0000-0000-000000000361,CARD,150000
37,1,2,9100217,81000000-0000-0000-0000-000000000362,82000000-0000-0000-0000-000000000362,CARD,150000
37,2,1,9100218,81000000-0000-0000-0000-000000000363,82000000-0000-0000-0000-000000000363,CARD,150000
37,2,2,9100218,81000000-0000-0000-0000-000000000364,82000000-0000-0000-0000-000000000364,CARD,150000
37,3,1,9100219,81000000-0000-0000-0000-000000000365,82000000-0000-0000-0000-000000000365,CARD,150000
37,3,2,9100219,81000000-0000-0000-0000-000000000366,82000000-0000-0000-0000-000000000366,CARD,150000
37,4,1,9100220,81000000-0000-0000-0000-000000000367,82000000-0000-0000-0000-000000000367,CARD,150000
37,4,2,9100220,81000000-0000-0000-0000-000000000368,82000000-0000-0000-0000-000000000368,CARD,150000
37,5,1,9100221,81000000-0000-0000-0000-000000000369,82000000-0000-0000-0000-000000000369,CARD,150000
37,6,1,9100222,81000000-0000-0000-0000-000000000370,82000000-0000-0000-0000-000000000370,CARD,150000
38,1,1,9100223,81000000-0000-0000-0000-000000000371,82000000-0000-0000-0000-000000000371,CARD,150000
38,1,2,9100223,81000000-0000-0000-0000-000000000372,82000000-0000-0000-0000-000000000372,CARD,150000
38,2,1,9100224,81000000-0000-0000-0000-000000000373,82000000-0000-0000-0000-000000000373,CARD,150000
38,2,2,9100224,81000000-0000-0000-0000-000000000374,82000000-0000-0000-0000-000000000374,CARD,150000
38,3,1,9100225,81000000-0000-0000-0000-000000000375,82000000-0000-0000-0000-000000000375,CARD,150000
38,3,2,9100225,81000000-0000-0000-0000-000000000376,82000000-0000-0000-0000-000000000376,CARD,150000
38,4,1,9100226,81000000-0000-0000-0000-000000000377,82000000-0000-0000-0000-000000000377,CARD,150000
38,4,2,9100226,81000000-0000-0000-0000-000000000378,82000000-0000-0000-0000-000000000378,CARD,150000
38,5,1,9100227,81000000-0000-0000-0000-000000000379,82000000-0000-0000-0000-000000000379,CARD,150000
38,6,1,9100228,81000000-0000-0000-0000-000000000380,82000000-0000-0000-0000-000000000380,CARD,150000
39,1,1,9100229,81000000-0000-0000-0000-000000000381,82000000-0000-0000-0000-000000000381,CARD,150000
39,1,2,9100229,81000000-0000-0000-0000-000000000382,82000000-0000-0000-0000-000000000382,CARD,150000
39,2,1,9100230,81000000-0000-0000-0000-000000000383,82000000-0000-0000-0000-000000000383,CARD,150000
39,2,2,9100230,81000000-0000-0000-0000-000000000384,82000000-0000-0000-0000-000000000384,CARD,150000
39,3,1,9100231,81000000-0000-0000-0000-000000000385,82000000-0000-0000-0000-000000000385,CARD,150000
39,3,2,9100231,81000000-0000-0000-0000-000000000386,82000000-0000-0000-0000-000000000386,CARD,150000
39,4,1,9100232,81000000-0000-0000-0000-000000000387,82000000-0000-0000-0000-000000000387,CARD,150000
39,4,2,9100232,81000000-0000-0000-0000-000000000388,82000000-0000-0000-0000-000000000388,CARD,150000
39,5,1,9100233,81000000-0000-0000-0000-000000000389,82000000-0000-0000-0000-000000000389,CARD,150000
39,6,1,9100234,81000000-0000-0000-0000-000000000390,82000000-0000-0000-0000-000000000390,CARD,150000
40,1,1,9100235,81000000-0000-0000-0000-000000000391,82000000-0000-0000-0000-000000000391,CARD,150000
40,1,2,9100235,81000000-0000-0000-0000-000000000392,82000000-0000-0000-0000-000000000392,CARD,150000
40,2,1,9100236,81000000-0000-0000-0000-000000000393,82000000-0000-0000-0000-000000000393,CARD,150000
40,2,2,9100236,81000000-0000-0000-0000-000000000394,82000000-0000-0000-0000-000000000394,CARD,150000
40,3,1,9100237,81000000-0000-0000-0000-000000000395,82000000-0000-0000-0000-000000000395,CARD,150000
40,3,2,9100237,81000000-0000-0000-0000-000000000396,82000000-0000-0000-0000-000000000396,CARD,150000
40,4,1,9100238,81000000-0000-0000-0000-000000000397,82000000-0000-0000-0000-000000000397,CARD,150000
40,4,2,9100238,81000000-0000-0000-0000-000000000398,82000000-0000-0000-0000-000000000398,CARD,150000
40,5,1,9100239,81000000-0000-0000-0000-000000000399,82000000-0000-0000-0000-000000000399,CARD,150000
40,6,1,9100240,81000000-0000-0000-0000-000000000400,82000000-0000-0000-0000-000000000400,CARD,150000
41,1,1,9100241,81000000-0000-0000-0000-000000000401,82000000-0000-0000-0000-000000000401,CARD,150000
41,1,2,9100241,81000000-0000-0000-0000-000000000402,82000000-0000-0000-0000-000000000402,CARD,150000
41,2,1,9100242,81000000-0000-0000-0000-000000000403,82000000-0000-0000-0000-000000000403,CARD,150000
41,2,2,9100242,81000000-0000-0000-0000-000000000404,82000000-0000-0000-0000-000000000404,CARD,150000
41,3,1,9100243,81000000-0000-0000-0000-000000000405,82000000-0000-0000-0000-000000000405,CARD,150000
41,3,2,9100243,81000000-0000-0000-0000-000000000406,82000000-0000-0000-0000-000000000406,CARD,150000
41,4,1,9100244,81000000-0000-0000-0000-000000000407,82000000-0000-0000-0000-000000000407,CARD,150000
41,4,2,9100244,81000000-0000-0000-0000-000000000408,82000000-0000-0000-0000-000000000408,CARD,150000
41,5,1,9100245,81000000-0000-0000-0000-000000000409,82000000-0000-0000-0000-000000000409,CARD,150000
41,6,1,9100246,81000000-0000-0000-0000-000000000410,82000000-0000-0000-0000-000000000410,CARD,150000
42,1,1,9100247,81000000-0000-0000-0000-000000000411,82000000-0000-0000-0000-000000000411,CARD,150000
42,1,2,9100247,81000000-0000-0000-0000-000000000412,82000000-0000-0000-0000-000000000412,CARD,150000
42,2,1,9100248,81000000-0000-0000-0000-000000000413,82000000-0000-0000-0000-000000000413,CARD,150000
42,2,2,9100248,81000000-0000-0000-0000-000000000414,82000000-0000-0000-0000-000000000414,CARD,150000
42,3,1,9100249,81000000-0000-0000-0000-000000000415,82000000-0000-0000-0000-000000000415,CARD,150000
42,3,2,9100249,81000000-0000-0000-0000-000000000416,82000000-0000-0000-0000-000000000416,CARD,150000
42,4,1,9100250,81000000-0000-0000-0000-000000000417,82000000-0000-0000-0000-000000000417,CARD,150000
42,4,2,9100250,81000000-0000-0000-0000-000000000418,82000000-0000-0000-0000-000000000418,CARD,150000
42,5,1,9100251,81000000-0000-0000-0000-000000000419,82000000-0000-0000-0000-000000000419,CARD,150000
42,6,1,9100252,81000000-0000-0000-0000-000000000420,82000000-0000-0000-0000-000000000420,CARD,150000
43,1,1,9100253,81000000-0000-0000-0000-000000000421,82000000-0000-0000-0000-000000000421,CARD,150000
43,1,2,9100253,81000000-0000-0000-0000-000000000422,82000000-0000-0000-0000-000000000422,CARD,150000
43,2,1,9100254,81000000-0000-0000-0000-000000000423,82000000-0000-0000-0000-000000000423,CARD,150000
43,2,2,9100254,81000000-0000-0000-0000-000000000424,82000000-0000-0000-0000-000000000424,CARD,150000
43,3,1,9100255,81000000-0000-0000-0000-000000000425,82000000-0000-0000-0000-000000000425,CARD,150000
43,3,2,9100255,81000000-0000-0000-0000-000000000426,82000000-0000-0000-0000-000000000426,CARD,150000
43,4,1,9100256,81000000-0000-0000-0000-000000000427,82000000-0000-0000-0000-000000000427,CARD,150000
43,4,2,9100256,81000000-0000-0000-0000-000000000428,82000000-0000-0000-0000-000000000428,CARD,150000
43,5,1,9100257,81000000-0000-0000-0000-000000000429,82000000-0000-0000-0000-000000000429,CARD,150000
43,6,1,9100258,81000000-0000-0000-0000-000000000430,82000000-0000-0000-0000-000000000430,CARD,150000
44,1,1,9100259,81000000-0000-0000-0000-000000000431,82000000-0000-0000-0000-000000000431,CARD,150000
44,1,2,9100259,81000000-0000-0000-0000-000000000432,82000000-0000-0000-0000-000000000432,CARD,150000
44,2,1,9100260,81000000-0000-0000-0000-000000000433,82000000-0000-0000-0000-000000000433,CARD,150000
44,2,2,9100260,81000000-0000-0000-0000-000000000434,82000000-0000-0000-0000-000000000434,CARD,150000
44,3,1,9100261,81000000-0000-0000-0000-000000000435,82000000-0000-0000-0000-000000000435,CARD,150000
44,3,2,9100261,81000000-0000-0000-0000-000000000436,82000000-0000-0000-0000-000000000436,CARD,150000
44,4,1,9100262,81000000-0000-0000-0000-000000000437,82000000-0000-0000-0000-000000000437,CARD,150000
44,4,2,9100262,81000000-0000-0000-0000-000000000438,82000000-0000-0000-0000-000000000438,CARD,150000
44,5,1,9100263,81000000-0000-0000-0000-000000000439,82000000-0000-0000-0000-000000000439,CARD,150000
44,6,1,9100264,81000000-0000-0000-0000-000000000440,82000000-0000-0000-0000-000000000440,CARD,150000
45,1,1,9100265,81000000-0000-0000-0000-000000000441,82000000-0000-0000-0000-000000000441,CARD,150000
45,1,2,9100265,81000000-0000-0000-0000-000000000442,82000000-0000-0000-0000-000000000442,CARD,150000
45,2,1,9100266,81000000-0000-0000-0000-000000000443,82000000-0000-0000-0000-000000000443,CARD,150000
45,2,2,9100266,81000000-0000-0000-0000-000000000444,82000000-0000-0000-0000-000000000444,CARD,150000
45,3,1,9100267,81000000-0000-0000-0000-000000000445,82000000-0000-0000-0000-000000000445,CARD,150000
45,3,2,9100267,81000000-0000-0000-0000-000000000446,82000000-0000-0000-0000-000000000446,CARD,150000
45,4,1,9100268,81000000-0000-0000-0000-000000000447,82000000-0000-0000-0000-000000000447,CARD,150000
45,4,2,9100268,81000000-0000-0000-0000-000000000448,82000000-0000-0000-0000-000000000448,CARD,150000
45,5,1,9100269,81000000-0000-0000-0000-000000000449,82000000-0000-0000-0000-000000000449,CARD,150000
45,6,1,9100270,81000000-0000-0000-0000-000000000450,82000000-0000-0000-0000-000000000450,CARD,150000
46,1,1,9100271,81000000-0000-0000-0000-000000000451,82000000-0000-0000-0000-000000000451,CARD,150000
46,1,2,9100271,81000000-0000-0000-0000-000000000452,82000000-0000-0000-0000-000000000452,CARD,150000
46,2,1,9100272,81000000-0000-0000-0000-000000000453,82000000-0000-0000-0000-000000000453,CARD,150000
46,2,2,9100272,81000000-0000-0000-0000-000000000454,82000000-0000-0000-0000-000000000454,CARD,150000
46,3,1,9100273,81000000-0000-0000-0000-000000000455,82000000-0000-0000-0000-000000000455,CARD,150000
46,3,2,9100273,81000000-0000-0000-0000-000000000456,82000000-0000-0000-0000-000000000456,CARD,150000
46,4,1,9100274,81000000-0000-0000-0000-000000000457,82000000-0000-0000-0000-000000000457,CARD,150000
46,4,2,9100274,81000000-0000-0000-0000-000000000458,82000000-0000-0000-0000-000000000458,CARD,150000
46,5,1,9100275,81000000-0000-0000-0000-000000000459,82000000-0000-0000-0000-000000000459,CARD,150000
46,6,1,9100276,81000000-0000-0000-0000-000000000460,82000000-0000-0000-0000-000000000460,CARD,150000
47,1,1,9100277,81000000-0000-0000-0000-000000000461,82000000-0000-0000-0000-000000000461,CARD,150000
47,1,2,9100277,81000000-0000-0000-0000-000000000462,82000000-0000-0000-0000-000000000462,CARD,150000
47,2,1,9100278,81000000-0000-0000-0000-000000000463,82000000-0000-0000-0000-000000000463,CARD,150000
47,2,2,9100278,81000000-0000-0000-0000-000000000464,82000000-0000-0000-0000-000000000464,CARD,150000
47,3,1,9100279,81000000-0000-0000-0000-000000000465,82000000-0000-0000-0000-000000000465,CARD,150000
47,3,2,9100279,81000000-0000-0000-0000-000000000466,82000000-0000-0000-0000-000000000466,CARD,150000
47,4,1,9100280,81000000-0000-0000-0000-000000000467,82000000-0000-0000-0000-000000000467,CARD,150000
47,4,2,9100280,81000000-0000-0000-0000-000000000468,82000000-0000-0000-0000-000000000468,CARD,150000
47,5,1,9100281,81000000-0000-0000-0000-000000000469,82000000-0000-0000-0000-000000000469,CARD,150000
47,6,1,9100282,81000000-0000-0000-0000-000000000470,82000000-0000-0000-0000-000000000470,CARD,150000
48,1,1,9100283,81000000-0000-0000-0000-000000000471,82000000-0000-0000-0000-000000000471,CARD,150000
48,1,2,9100283,81000000-0000-0000-0000-000000000472,82000000-0000-0000-0000-000000000472,CARD,150000
48,2,1,9100284,81000000-0000-0000-0000-000000000473,82000000-0000-0000-0000-000000000473,CARD,150000
48,2,2,9100284,81000000-0000-0000-0000-000000000474,82000000-0000-0000-0000-000000000474,CARD,150000
48,3,1,9100285,81000000-0000-0000-0000-000000000475,82000000-0000-0000-0000-000000000475,CARD,150000
48,3,2,9100285,81000000-0000-0000-0000-000000000476,82000000-0000-0000-0000-000000000476,CARD,150000
48,4,1,9100286,81000000-0000-0000-0000-000000000477,82000000-0000-0000-0000-000000000477,CARD,150000
48,4,2,9100286,81000000-0000-0000-0000-000000000478,82000000-0000-0000-0000-000000000478,CARD,150000
48,5,1,9100287,81000000-0000-0000-0000-000000000479,82000000-0000-0000-0000-000000000479,CARD,150000
48,6,1,9100288,81000000-0000-0000-0000-000000000480,82000000-0000-0000-0000-000000000480,CARD,150000
49,1,1,9100289,81000000-0000-0000-0000-000000000481,82000000-0000-0000-0000-000000000481,CARD,150000
49,1,2,9100289,81000000-0000-0000-0000-000000000482,82000000-0000-0000-0000-000000000482,CARD,150000
49,2,1,9100290,81000000-0000-0000-0000-000000000483,82000000-0000-0000-0000-000000000483,CARD,150000
49,2,2,9100290,81000000-0000-0000-0000-000000000484,82000000-0000-0000-0000-000000000484,CARD,150000
49,3,1,9100291,81000000-0000-0000-0000-000000000485,82000000-0000-0000-0000-000000000485,CARD,150000
49,3,2,9100291,81000000-0000-0000-0000-000000000486,82000000-0000-0000-0000-000000000486,CARD,150000
49,4,1,9100292,81000000-0000-0000-0000-000000000487,82000000-0000-0000-0000-000000000487,CARD,150000
49,4,2,9100292,81000000-0000-0000-0000-000000000488,82000000-0000-0000-0000-000000000488,CARD,150000
49,5,1,9100293,81000000-0000-0000-0000-000000000489,82000000-0000-0000-0000-000000000489,CARD,150000
49,6,1,9100294,81000000-0000-0000-0000-000000000490,82000000-0000-0000-0000-000000000490,CARD,150000
50,1,1,9100295,81000000-0000-0000-0000-000000000491,82000000-0000-0000-0000-000000000491,CARD,150000
50,1,2,9100295,81000000-0000-0000-0000-000000000492,82000000-0000-0000-0000-000000000492,CARD,150000
50,2,1,9100296,81000000-0000-0000-0000-000000000493,82000000-0000-0000-0000-000000000493,CARD,150000
50,2,2,9100296,81000000-0000-0000-0000-000000000494,82000000-0000-0000-0000-000000000494,CARD,150000
50,3,1,9100297,81000000-0000-0000-0000-000000000495,82000000-0000-0000-0000-000000000495,CARD,150000
50,3,2,9100297,81000000-0000-0000-0000-000000000496,82000000-0000-0000-0000-000000000496,CARD,150000
50,4,1,9100298,81000000-0000-0000-0000-000000000497,82000000-0000-0000-0000-000000000497,CARD,150000
50,4,2,9100298,81000000-0000-0000-0000-000000000498,82000000-0000-0000-0000-000000000498,CARD,150000
50,5,1,9100299,81000000-0000-0000-0000-000000000499,82000000-0000-0000-0000-000000000499,CARD,150000
50,6,1,9100300,81000000-0000-0000-0000-000000000500,82000000-0000-0000-0000-000000000500,CARD,150000
51,1,1,9100301,81000000-0000-0000-0000-000000000501,82000000-0000-0000-0000-000000000501,CARD,150000
51,1,2,9100301,81000000-0000-0000-0000-000000000502,82000000-0000-0000-0000-000000000502,CARD,150000
51,2,1,9100302,81000000-0000-0000-0000-000000000503,82000000-0000-0000-0000-000000000503,CARD,150000
51,2,2,9100302,81000000-0000-0000-0000-000000000504,82000000-0000-0000-0000-000000000504,CARD,150000
51,3,1,9100303,81000000-0000-0000-0000-000000000505,82000000-0000-0000-0000-000000000505,CARD,150000
51,3,2,9100303,81000000-0000-0000-0000-000000000506,82000000-0000-0000-0000-000000000506,CARD,150000
51,4,1,9100304,81000000-0000-0000-0000-000000000507,82000000-0000-0000-0000-000000000507,CARD,150000
51,4,2,9100304,81000000-0000-0000-0000-000000000508,82000000-0000-0000-0000-000000000508,CARD,150000
51,5,1,9100305,81000000-0000-0000-0000-000000000509,82000000-0000-0000-0000-000000000509,CARD,150000
51,6,1,9100306,81000000-0000-0000-0000-000000000510,82000000-0000-0000-0000-000000000510,CARD,150000
52,1,1,9100307,81000000-0000-0000-0000-000000000511,82000000-0000-0000-0000-000000000511,CARD,150000
52,1,2,9100307,81000000-0000-0000-0000-000000000512,82000000-0000-0000-0000-000000000512,CARD,150000
52,2,1,9100308,81000000-0000-0000-0000-000000000513,82000000-0000-0000-0000-000000000513,CARD,150000
52,2,2,9100308,81000000-0000-0000-0000-000000000514,82000000-0000-0000-0000-000000000514,CARD,150000
52,3,1,9100309,81000000-0000-0000-0000-000000000515,82000000-0000-0000-0000-000000000515,CARD,150000
52,3,2,9100309,81000000-0000-0000-0000-000000000516,82000000-0000-0000-0000-000000000516,CARD,150000
52,4,1,9100310,81000000-0000-0000-0000-000000000517,82000000-0000-0000-0000-000000000517,CARD,150000
52,4,2,9100310,81000000-0000-0000-0000-000000000518,82000000-0000-0000-0000-000000000518,CARD,150000
52,5,1,9100311,81000000-0000-0000-0000-000000000519,82000000-0000-0000-0000-000000000519,CARD,150000
52,6,1,9100312,81000000-0000-0000-0000-000000000520,82000000-0000-0000-0000-000000000520,CARD,150000
53,1,1,9100313,81000000-0000-0000-0000-000000000521,82000000-0000-0000-0000-000000000521,CARD,150000
53,1,2,9100313,81000000-0000-0000-0000-000000000522,82000000-0000-0000-0000-000000000522,CARD,150000
53,2,1,9100314,81000000-0000-0000-0000-000000000523,82000000-0000-0000-0000-000000000523,CARD,150000
53,2,2,9100314,81000000-0000-0000-0000-000000000524,82000000-0000-0000-0000-000000000524,CARD,150000
53,3,1,9100315,81000000-0000-0000-0000-000000000525,82000000-0000-0000-0000-000000000525,CARD,150000
53,3,2,9100315,81000000-0000-0000-0000-000000000526,82000000-0000-0000-0000-000000000526,CARD,150000
53,4,1,9100316,81000000-0000-0000-0000-000000000527,82000000-0000-0000-0000-000000000527,CARD,150000
53,4,2,9100316,81000000-0000-0000-0000-000000000528,82000000-0000-0000-0000-000000000528,CARD,150000
53,5,1,9100317,81000000-0000-0000-0000-000000000529,82000000-0000-0000-0000-000000000529,CARD,150000
53,6,1,9100318,81000000-0000-0000-0000-000000000530,82000000-0000-0000-0000-000000000530,CARD,150000
54,1,1,9100319,81000000-0000-0000-0000-000000000531,82000000-0000-0000-0000-000000000531,CARD,150000
54,1,2,9100319,81000000-0000-0000-0000-000000000532,82000000-0000-0000-0000-000000000532,CARD,150000
54,2,1,9100320,81000000-0000-0000-0000-000000000533,82000000-0000-0000-0000-000000000533,CARD,150000
54,2,2,9100320,81000000-0000-0000-0000-000000000534,82000000-0000-0000-0000-000000000534,CARD,150000
54,3,1,9100321,81000000-0000-0000-0000-000000000535,82000000-0000-0000-0000-000000000535,CARD,150000
54,3,2,9100321,81000000-0000-0000-0000-000000000536,82000000-0000-0000-0000-000000000536,CARD,150000
54,4,1,9100322,81000000-0000-0000-0000-000000000537,82000000-0000-0000-0000-000000000537,CARD,150000
54,4,2,9100322,81000000-0000-0000-0000-000000000538,82000000-0000-0000-0000-000000000538,CARD,150000
54,5,1,9100323,81000000-0000-0000-0000-000000000539,82000000-0000-0000-0000-000000000539,CARD,150000
54,6,1,9100324,81000000-0000-0000-0000-000000000540,82000000-0000-0000-0000-000000000540,CARD,150000
55,1,1,9100325,81000000-0000-0000-0000-000000000541,82000000-0000-0000-0000-000000000541,CARD,150000
55,1,2,9100325,81000000-0000-0000-0000-000000000542,82000000-0000-0000-0000-000000000542,CARD,150000
55,2,1,9100326,81000000-0000-0000-0000-000000000543,82000000-0000-0000-0000-000000000543,CARD,150000
55,2,2,9100326,81000000-0000-0000-0000-000000000544,82000000-0000-0000-0000-000000000544,CARD,150000
55,3,1,9100327,81000000-0000-0000-0000-000000000545,82000000-0000-0000-0000-000000000545,CARD,150000
55,3,2,9100327,81000000-0000-0000-0000-000000000546,82000000-0000-0000-0000-000000000546,CARD,150000
55,4,1,9100328,81000000-0000-0000-0000-000000000547,82000000-0000-0000-0000-000000000547,CARD,150000
55,4,2,9100328,81000000-0000-0000-0000-000000000548,82000000-0000-0000-0000-000000000548,CARD,150000
55,5,1,9100329,81000000-0000-0000-0000-000000000549,82000000-0000-0000-0000-000000000549,CARD,150000
55,6,1,9100330,81000000-0000-0000-0000-000000000550,82000000-0000-0000-0000-000000000550,CARD,150000
56,1,1,9100331,81000000-0000-0000-0000-000000000551,82000000-0000-0000-0000-000000000551,CARD,150000
56,1,2,9100331,81000000-0000-0000-0000-000000000552,82000000-0000-0000-0000-000000000552,CARD,150000
56,2,1,9100332,81000000-0000-0000-0000-000000000553,82000000-0000-0000-0000-000000000553,CARD,150000
56,2,2,9100332,81000000-0000-0000-0000-000000000554,82000000-0000-0000-0000-000000000554,CARD,150000
56,3,1,9100333,81000000-0000-0000-0000-000000000555,82000000-0000-0000-0000-000000000555,CARD,150000
56,3,2,9100333,81000000-0000-0000-0000-000000000556,82000000-0000-0000-0000-000000000556,CARD,150000
56,4,1,9100334,81000000-0000-0000-0000-000000000557,82000000-0000-0000-0000-000000000557,CARD,150000
56,4,2,9100334,81000000-0000-0000-0000-000000000558,82000000-0000-0000-0000-000000000558,CARD,150000
56,5,1,9100335,81000000-0000-0000-0000-000000000559,82000000-0000-0000-0000-000000000559,CARD,150000
56,6,1,9100336,81000000-0000-0000-0000-000000000560,82000000-0000-0000-0000-000000000560,CARD,150000
57,1,1,9100337,81000000-0000-0000-0000-000000000561,82000000-0000-0000-0000-000000000561,CARD,150000
57,1,2,9100337,81000000-0000-0000-0000-000000000562,82000000-0000-0000-0000-000000000562,CARD,150000
57,2,1,9100338,81000000-0000-0000-0000-000000000563,82000000-0000-0000-0000-000000000563,CARD,150000
57,2,2,9100338,81000000-0000-0000-0000-000000000564,82000000-0000-0000-0000-000000000564,CARD,150000
57,3,1,9100339,81000000-0000-0000-0000-000000000565,82000000-0000-0000-0000-000000000565,CARD,150000
57,3,2,9100339,81000000-0000-0000-0000-000000000566,82000000-0000-0000-0000-000000000566,CARD,150000
57,4,1,9100340,81000000-0000-0000-0000-000000000567,82000000-0000-0000-0000-000000000567,CARD,150000
57,4,2,9100340,81000000-0000-0000-0000-000000000568,82000000-0000-0000-0000-000000000568,CARD,150000
57,5,1,9100341,81000000-0000-0000-0000-000000000569,82000000-0000-0000-0000-000000000569,CARD,150000
57,6,1,9100342,81000000-0000-0000-0000-000000000570,82000000-0000-0000-0000-000000000570,CARD,150000
58,1,1,9100343,81000000-0000-0000-0000-000000000571,82000000-0000-0000-0000-000000000571,CARD,150000
58,1,2,9100343,81000000-0000-0000-0000-000000000572,82000000-0000-0000-0000-000000000572,CARD,150000
58,2,1,9100344,81000000-0000-0000-0000-000000000573,82000000-0000-0000-0000-000000000573,CARD,150000
58,2,2,9100344,81000000-0000-0000-0000-000000000574,82000000-0000-0000-0000-000000000574,CARD,150000
58,3,1,9100345,81000000-0000-0000-0000-000000000575,82000000-0000-0000-0000-000000000575,CARD,150000
58,3,2,9100345,81000000-0000-0000-0000-000000000576,82000000-0000-0000-0000-000000000576,CARD,150000
58,4,1,9100346,81000000-0000-0000-0000-000000000577,82000000-0000-0000-0000-000000000577,CARD,150000
58,4,2,9100346,81000000-0000-0000-0000-000000000578,82000000-0000-0000-0000-000000000578,CARD,150000
58,5,1,9100347,81000000-0000-0000-0000-000000000579,82000000-0000-0000-0000-000000000579,CARD,150000
58,6,1,9100348,81000000-0000-0000-0000-000000000580,82000000-0000-0000-0000-000000000580,CARD,150000
59,1,1,9100349,81000000-0000-0000-0000-000000000581,82000000-0000-0000-0000-000000000581,CARD,150000
59,1,2,9100349,81000000-0000-0000-0000-000000000582,82000000-0000-0000-0000-000000000582,CARD,150000
59,2,1,9100350,81000000-0000-0000-0000-000000000583,82000000-0000-0000-0000-000000000583,CARD,150000
59,2,2,9100350,81000000-0000-0000-0000-000000000584,82000000-0000-0000-0000-000000000584,CARD,150000
59,3,1,9100351,81000000-0000-0000-0000-000000000585,82000000-0000-0000-0000-000000000585,CARD,150000
59,3,2,9100351,81000000-0000-0000-0000-000000000586,82000000-0000-0000-0000-000000000586,CARD,150000
59,4,1,9100352,81000000-0000-0000-0000-000000000587,82000000-0000-0000-0000-000000000587,CARD,150000
59,4,2,9100352,81000000-0000-0000-0000-000000000588,82000000-0000-0000-0000-000000000588,CARD,150000
59,5,1,9100353,81000000-0000-0000-0000-000000000589,82000000-0000-0000-0000-000000000589,CARD,150000
59,6,1,9100354,81000000-0000-0000-0000-000000000590,82000000-0000-0000-0000-000000000590,CARD,150000
60,1,1,9100355,81000000-0000-0000-0000-000000000591,82000000-0000-0000-0000-000000000591,CARD,150000
60,1,2,9100355,81000000-0000-0000-0000-000000000592,82000000-0000-0000-0000-000000000592,CARD,150000
60,2,1,9100356,81000000-0000-0000-0000-000000000593,82000000-0000-0000-0000-000000000593,CARD,150000
60,2,2,9100356,81000000-0000-0000-0000-000000000594,82000000-0000-0000-0000-000000000594,CARD,150000
60,3,1,9100357,81000000-0000-0000-0000-000000000595,82000000-0000-0000-0000-000000000595,CARD,150000
60,3,2,9100357,81000000-0000-0000-0000-000000000596,82000000-0000-0000-0000-000000000596,CARD,150000
60,4,1,9100358,81000000-0000-0000-0000-000000000597,82000000-0000-0000-0000-000000000597,CARD,150000
60,4,2,9100358,81000000-0000-0000-0000-000000000598,82000000-0000-0000-0000-000000000598,CARD,150000
60,5,1,9100359,81000000-0000-0000-0000-000000000599,82000000-0000-0000-0000-000000000599,CARD,150000
60,6,1,9100360,81000000-0000-0000-0000-000000000600,82000000-0000-0000-0000-000000000600,CARD,150000
61,1,1,9100361,81000000-0000-0000-0000-000000000601,82000000-0000-0000-0000-000000000601,CARD,150000
61,1,2,9100361,81000000-0000-0000-0000-000000000602,82000000-0000-0000-0000-000000000602,CARD,150000
61,2,1,9100362,81000000-0000-0000-0000-000000000603,82000000-0000-0000-0000-000000000603,CARD,150000
61,2,2,9100362,81000000-0000-0000-0000-000000000604,82000000-0000-0000-0000-000000000604,CARD,150000
61,3,1,9100363,81000000-0000-0000-0000-000000000605,82000000-0000-0000-0000-000000000605,CARD,150000
61,3,2,9100363,81000000-0000-0000-0000-000000000606,82000000-0000-0000-0000-000000000606,CARD,150000
61,4,1,9100364,81000000-0000-0000-0000-000000000607,82000000-0000-0000-0000-000000000607,CARD,150000
61,4,2,9100364,81000000-0000-0000-0000-000000000608,82000000-0000-0000-0000-000000000608,CARD,150000
61,5,1,9100365,81000000-0000-0000-0000-000000000609,82000000-0000-0000-0000-000000000609,CARD,150000
61,6,1,9100366,81000000-0000-0000-0000-000000000610,82000000-0000-0000-0000-000000000610,CARD,150000
62,1,1,9100367,81000000-0000-0000-0000-000000000611,82000000-0000-0000-0000-000000000611,CARD,150000
62,1,2,9100367,81000000-0000-0000-0000-000000000612,82000000-0000-0000-0000-000000000612,CARD,150000
62,2,1,9100368,81000000-0000-0000-0000-000000000613,82000000-0000-0000-0000-000000000613,CARD,150000
62,2,2,9100368,81000000-0000-0000-0000-000000000614,82000000-0000-0000-0000-000000000614,CARD,150000
62,3,1,9100369,81000000-0000-0000-0000-000000000615,82000000-0000-0000-0000-000000000615,CARD,150000
62,3,2,9100369,81000000-0000-0000-0000-000000000616,82000000-0000-0000-0000-000000000616,CARD,150000
62,4,1,9100370,81000000-0000-0000-0000-000000000617,82000000-0000-0000-0000-000000000617,CARD,150000
62,4,2,9100370,81000000-0000-0000-0000-000000000618,82000000-0000-0000-0000-000000000618,CARD,150000
62,5,1,9100371,81000000-0000-0000-0000-000000000619,82000000-0000-0000-0000-000000000619,CARD,150000
62,6,1,9100372,81000000-0000-0000-0000-000000000620,82000000-0000-0000-0000-000000000620,CARD,150000
63,1,1,9100373,81000000-0000-0000-0000-000000000621,82000000-0000-0000-0000-000000000621,CARD,150000
63,1,2,9100373,81000000-0000-0000-0000-000000000622,82000000-0000-0000-0000-000000000622,CARD,150000
63,2,1,9100374,81000000-0000-0000-0000-000000000623,82000000-0000-0000-0000-000000000623,CARD,150000
63,2,2,9100374,81000000-0000-0000-0000-000000000624,82000000-0000-0000-0000-000000000624,CARD,150000
63,3,1,9100375,81000000-0000-0000-0000-000000000625,82000000-0000-0000-0000-000000000625,CARD,150000
63,3,2,9100375,81000000-0000-0000-0000-000000000626,82000000-0000-0000-0000-000000000626,CARD,150000
63,4,1,9100376,81000000-0000-0000-0000-000000000627,82000000-0000-0000-0000-000000000627,CARD,150000
63,4,2,9100376,81000000-0000-0000-0000-000000000628,82000000-0000-0000-0000-000000000628,CARD,150000
63,5,1,9100377,81000000-0000-0000-0000-000000000629,82000000-0000-0000-0000-000000000629,CARD,150000
63,6,1,9100378,81000000-0000-0000-0000-000000000630,82000000-0000-0000-0000-000000000630,CARD,150000
64,1,1,9100379,81000000-0000-0000-0000-000000000631,82000000-0000-0000-0000-000000000631,CARD,150000
64,1,2,9100379,81000000-0000-0000-0000-000000000632,82000000-0000-0000-0000-000000000632,CARD,150000
64,2,1,9100380,81000000-0000-0000-0000-000000000633,82000000-0000-0000-0000-000000000633,CARD,150000
64,2,2,9100380,81000000-0000-0000-0000-000000000634,82000000-0000-0000-0000-000000000634,CARD,150000
64,3,1,9100381,81000000-0000-0000-0000-000000000635,82000000-0000-0000-0000-000000000635,CARD,150000
64,3,2,9100381,81000000-0000-0000-0000-000000000636,82000000-0000-0000-0000-000000000636,CARD,150000
64,4,1,9100382,81000000-0000-0000-0000-000000000637,82000000-0000-0000-0000-000000000637,CARD,150000
64,4,2,9100382,81000000-0000-0000-0000-000000000638,82000000-0000-0000-0000-000000000638,CARD,150000
64,5,1,9100383,81000000-0000-0000-0000-000000000639,82000000-0000-0000-0000-000000000639,CARD,150000
64,6,1,9100384,81000000-0000-0000-0000-000000000640,82000000-0000-0000-0000-000000000640,CARD,150000
65,1,1,9100385,81000000-0000-0000-0000-000000000641,82000000-0000-0000-0000-000000000641,CARD,150000
65,1,2,9100385,81000000-0000-0000-0000-000000000642,82000000-0000-0000-0000-000000000642,CARD,150000
65,2,1,9100386,81000000-0000-0000-0000-000000000643,82000000-0000-0000-0000-000000000643,CARD,150000
65,2,2,9100386,81000000-0000-0000-0000-000000000644,82000000-0000-0000-0000-000000000644,CARD,150000
65,3,1,9100387,81000000-0000-0000-0000-000000000645,82000000-0000-0000-0000-000000000645,CARD,150000
65,3,2,9100387,81000000-0000-0000-0000-000000000646,82000000-0000-0000-0000-000000000646,CARD,150000
65,4,1,9100388,81000000-0000-0000-0000-000000000647,82000000-0000-0000-0000-000000000647,CARD,150000
65,4,2,9100388,81000000-0000-0000-0000-000000000648,82000000-0000-0000-0000-000000000648,CARD,150000
65,5,1,9100389,81000000-0000-0000-0000-000000000649,82000000-0000-0000-0000-000000000649,CARD,150000
65,6,1,9100390,81000000-0000-0000-0000-000000000650,82000000-0000-0000-0000-000000000650,CARD,150000
66,1,1,9100391,81000000-0000-0000-0000-000000000651,82000000-0000-0000-0000-000000000651,CARD,150000
66,1,2,9100391,81000000-0000-0000-0000-000000000652,82000000-0000-0000-0000-000000000652,CARD,150000
66,2,1,9100392,81000000-0000-0000-0000-000000000653,82000000-0000-0000-0000-000000000653,CARD,150000
66,2,2,9100392,81000000-0000-0000-0000-000000000654,82000000-0000-0000-0000-000000000654,CARD,150000
66,3,1,9100393,81000000-0000-0000-0000-000000000655,82000000-0000-0000-0000-000000000655,CARD,150000
66,3,2,9100393,81000000-0000-0000-0000-000000000656,82000000-0000-0000-0000-000000000656,CARD,150000
66,4,1,9100394,81000000-0000-0000-0000-000000000657,82000000-0000-0000-0000-000000000657,CARD,150000
66,4,2,9100394,81000000-0000-0000-0000-000000000658,82000000-0000-0000-0000-000000000658,CARD,150000
66,5,1,9100395,81000000-0000-0000-0000-000000000659,82000000-0000-0000-0000-000000000659,CARD,150000
66,6,1,9100396,81000000-0000-0000-0000-000000000660,82000000-0000-0000-0000-000000000660,CARD,150000
67,1,1,9100397,81000000-0000-0000-0000-000000000661,82000000-0000-0000-0000-000000000661,CARD,150000
67,1,2,9100397,81000000-0000-0000-0000-000000000662,82000000-0000-0000-0000-000000000662,CARD,150000
67,2,1,9100398,81000000-0000-0000-0000-000000000663,82000000-0000-0000-0000-000000000663,CARD,150000
67,2,2,9100398,81000000-0000-0000-0000-000000000664,82000000-0000-0000-0000-000000000664,CARD,150000
67,3,1,9100399,81000000-0000-0000-0000-000000000665,82000000-0000-0000-0000-000000000665,CARD,150000
67,3,2,9100399,81000000-0000-0000-0000-000000000666,82000000-0000-0000-0000-000000000666,CARD,150000
67,4,1,9100400,81000000-0000-0000-0000-000000000667,82000000-0000-0000-0000-000000000667,CARD,150000
67,4,2,9100400,81000000-0000-0000-0000-000000000668,82000000-0000-0000-0000-000000000668,CARD,150000
67,5,1,9100401,81000000-0000-0000-0000-000000000669,82000000-0000-0000-0000-000000000669,CARD,150000
67,6,1,9100402,81000000-0000-0000-0000-000000000670,82000000-0000-0000-0000-000000000670,CARD,150000
68,1,1,9100403,81000000-0000-0000-0000-000000000671,82000000-0000-0000-0000-000000000671,CARD,150000
68,1,2,9100403,81000000-0000-0000-0000-000000000672,82000000-0000-0000-0000-000000000672,CARD,150000
68,2,1,9100404,81000000-0000-0000-0000-000000000673,82000000-0000-0000-0000-000000000673,CARD,150000
68,2,2,9100404,81000000-0000-0000-0000-000000000674,82000000-0000-0000-0000-000000000674,CARD,150000
68,3,1,9100405,81000000-0000-0000-0000-000000000675,82000000-0000-0000-0000-000000000675,CARD,150000
68,3,2,9100405,81000000-0000-0000-0000-000000000676,82000000-0000-0000-0000-000000000676,CARD,150000
68,4,1,9100406,81000000-0000-0000-0000-000000000677,82000000-0000-0000-0000-000000000677,CARD,150000
68,4,2,9100406,81000000-0000-0000-0000-000000000678,82000000-0000-0000-0000-000000000678,CARD,150000
68,5,1,9100407,81000000-0000-0000-0000-000000000679,82000000-0000-0000-0000-000000000679,CARD,150000
68,6,1,9100408,81000000-0000-0000-0000-000000000680,82000000-0000-0000-0000-000000000680,CARD,150000
69,1,1,9100409,81000000-0000-0000-0000-000000000681,82000000-0000-0000-0000-000000000681,CARD,150000
69,1,2,9100409,81000000-0000-0000-0000-000000000682,82000000-0000-0000-0000-000000000682,CARD,150000
69,2,1,9100410,81000000-0000-0000-0000-000000000683,82000000-0000-0000-0000-000000000683,CARD,150000
69,2,2,9100410,81000000-0000-0000-0000-000000000684,82000000-0000-0000-0000-000000000684,CARD,150000
69,3,1,9100411,81000000-0000-0000-0000-000000000685,82000000-0000-0000-0000-000000000685,CARD,150000
69,3,2,9100411,81000000-0000-0000-0000-000000000686,82000000-0000-0000-0000-000000000686,CARD,150000
69,4,1,9100412,81000000-0000-0000-0000-000000000687,82000000-0000-0000-0000-000000000687,CARD,150000
69,4,2,9100412,81000000-0000-0000-0000-000000000688,82000000-0000-0000-0000-000000000688,CARD,150000
69,5,1,9100413,81000000-0000-0000-0000-000000000689,82000000-0000-0000-0000-000000000689,CARD,150000
69,6,1,9100414,81000000-0000-0000-0000-000000000690,82000000-0000-0000-0000-000000000690,CARD,150000
70,1,1,9100415,81000000-0000-0000-0000-000000000691,82000000-0000-0000-0000-000000000691,CARD,150000
70,1,2,9100415,81000000-0000-0000-0000-000000000692,82000000-0000-0000-0000-000000000692,CARD,150000
70,2,1,9100416,81000000-0000-0000-0000-000000000693,82000000-0000-0000-0000-000000000693,CARD,150000
70,2,2,9100416,81000000-0000-0000-0000-000000000694,82000000-0000-0000-0000-000000000694,CARD,150000
70,3,1,9100417,81000000-0000-0000-0000-000000000695,82000000-0000-0000-0000-000000000695,CARD,150000
70,3,2,9100417,81000000-0000-0000-0000-000000000696,82000000-0000-0000-0000-000000000696,CARD,150000
70,4,1,9100418,81000000-0000-0000-0000-000000000697,82000000-0000-0000-0000-000000000697,CARD,150000
70,4,2,9100418,81000000-0000-0000-0000-000000000698,82000000-0000-0000-0000-000000000698,CARD,150000
70,5,1,9100419,81000000-0000-0000-0000-000000000699,82000000-0000-0000-0000-000000000699,CARD,150000
70,6,1,9100420,81000000-0000-0000-0000-000000000700,82000000-0000-0000-0000-000000000700,CARD,150000
71,1,1,9100421,81000000-0000-0000-0000-000000000701,82000000-0000-0000-0000-000000000701,CARD,150000
71,1,2,9100421,81000000-0000-0000-0000-000000000702,82000000-0000-0000-0000-000000000702,CARD,150000
71,2,1,9100422,81000000-0000-0000-0000-000000000703,82000000-0000-0000-0000-000000000703,CARD,150000
71,2,2,9100422,81000000-0000-0000-0000-000000000704,82000000-0000-0000-0000-000000000704,CARD,150000
71,3,1,9100423,81000000-0000-0000-0000-000000000705,82000000-0000-0000-0000-000000000705,CARD,150000
71,3,2,9100423,81000000-0000-0000-0000-000000000706,82000000-0000-0000-0000-000000000706,CARD,150000
71,4,1,9100424,81000000-0000-0000-0000-000000000707,82000000-0000-0000-0000-000000000707,CARD,150000
71,4,2,9100424,81000000-0000-0000-0000-000000000708,82000000-0000-0000-0000-000000000708,CARD,150000
71,5,1,9100425,81000000-0000-0000-0000-000000000709,82000000-0000-0000-0000-000000000709,CARD,150000
71,6,1,9100426,81000000-0000-0000-0000-000000000710,82000000-0000-0000-0000-000000000710,CARD,150000
72,1,1,9100427,81000000-0000-0000-0000-000000000711,82000000-0000-0000-0000-000000000711,CARD,150000
72,1,2,9100427,81000000-0000-0000-0000-000000000712,82000000-0000-0000-0000-000000000712,CARD,150000
72,2,1,9100428,81000000-0000-0000-0000-000000000713,82000000-0000-0000-0000-000000000713,CARD,150000
72,2,2,9100428,81000000-0000-0000-0000-000000000714,82000000-0000-0000-0000-000000000714,CARD,150000
72,3,1,9100429,81000000-0000-0000-0000-000000000715,82000000-0000-0000-0000-000000000715,CARD,150000
72,3,2,9100429,81000000-0000-0000-0000-000000000716,82000000-0000-0000-0000-000000000716,CARD,150000
72,4,1,9100430,81000000-0000-0000-0000-000000000717,82000000-0000-0000-0000-000000000717,CARD,150000
72,4,2,9100430,81000000-0000-0000-0000-000000000718,82000000-0000-0000-0000-000000000718,CARD,150000
72,5,1,9100431,81000000-0000-0000-0000-000000000719,82000000-0000-0000-0000-000000000719,CARD,150000
72,6,1,9100432,81000000-0000-0000-0000-000000000720,82000000-0000-0000-0000-000000000720,CARD,150000
73,1,1,9100433,81000000-0000-0000-0000-000000000721,82000000-0000-0000-0000-000000000721,CARD,150000
73,1,2,9100433,81000000-0000-0000-0000-000000000722,82000000-0000-0000-0000-000000000722,CARD,150000
73,2,1,9100434,81000000-0000-0000-0000-000000000723,82000000-0000-0000-0000-000000000723,CARD,150000
73,2,2,9100434,81000000-0000-0000-0000-000000000724,82000000-0000-0000-0000-000000000724,CARD,150000
73,3,1,9100435,81000000-0000-0000-0000-000000000725,82000000-0000-0000-0000-000000000725,CARD,150000
73,3,2,9100435,81000000-0000-0000-0000-000000000726,82000000-0000-0000-0000-000000000726,CARD,150000
73,4,1,9100436,81000000-0000-0000-0000-000000000727,82000000-0000-0000-0000-000000000727,CARD,150000
73,4,2,9100436,81000000-0000-0000-0000-000000000728,82000000-0000-0000-0000-000000000728,CARD,150000
73,5,1,9100437,81000000-0000-0000-0000-000000000729,82000000-0000-0000-0000-000000000729,CARD,150000
73,6,1,9100438,81000000-0000-0000-0000-000000000730,82000000-0000-0000-0000-000000000730,CARD,150000
74,1,1,9100439,81000000-0000-0000-0000-000000000731,82000000-0000-0000-0000-000000000731,CARD,150000
74,1,2,9100439,81000000-0000-0000-0000-000000000732,82000000-0000-0000-0000-000000000732,CARD,150000
74,2,1,9100440,81000000-0000-0000-0000-000000000733,82000000-0000-0000-0000-000000000733,CARD,150000
74,2,2,9100440,81000000-0000-0000-0000-000000000734,82000000-0000-0000-0000-000000000734,CARD,150000
74,3,1,9100441,81000000-0000-0000-0000-000000000735,82000000-0000-0000-0000-000000000735,CARD,150000
74,3,2,9100441,81000000-0000-0000-0000-000000000736,82000000-0000-0000-0000-000000000736,CARD,150000
74,4,1,9100442,81000000-0000-0000-0000-000000000737,82000000-0000-0000-0000-000000000737,CARD,150000
74,4,2,9100442,81000000-0000-0000-0000-000000000738,82000000-0000-0000-0000-000000000738,CARD,150000
74,5,1,9100443,81000000-0000-0000-0000-000000000739,82000000-0000-0000-0000-000000000739,CARD,150000
74,6,1,9100444,81000000-0000-0000-0000-000000000740,82000000-0000-0000-0000-000000000740,CARD,150000
75,1,1,9100445,81000000-0000-0000-0000-000000000741,82000000-0000-0000-0000-000000000741,CARD,150000
75,1,2,9100445,81000000-0000-0000-0000-000000000742,82000000-0000-0000-0000-000000000742,CARD,150000
75,2,1,9100446,81000000-0000-0000-0000-000000000743,82000000-0000-0000-0000-000000000743,CARD,150000
75,2,2,9100446,81000000-0000-0000-0000-000000000744,82000000-0000-0000-0000-000000000744,CARD,150000
75,3,1,9100447,81000000-0000-0000-0000-000000000745,82000000-0000-0000-0000-000000000745,CARD,150000
75,3,2,9100447,81000000-0000-0000-0000-000000000746,82000000-0000-0000-0000-000000000746,CARD,150000
75,4,1,9100448,81000000-0000-0000-0000-000000000747,82000000-0000-0000-0000-000000000747,CARD,150000
75,4,2,9100448,81000000-0000-0000-0000-000000000748,82000000-0000-0000-0000-000000000748,CARD,150000
75,5,1,9100449,81000000-0000-0000-0000-000000000749,82000000-0000-0000-0000-000000000749,CARD,150000
75,6,1,9100450,81000000-0000-0000-0000-000000000750,82000000-0000-0000-0000-000000000750,CARD,150000
76,1,1,9100451,81000000-0000-0000-0000-000000000751,82000000-0000-0000-0000-000000000751,CARD,150000
76,1,2,9100451,81000000-0000-0000-0000-000000000752,82000000-0000-0000-0000-000000000752,CARD,150000
76,2,1,9100452,81000000-0000-0000-0000-000000000753,82000000-0000-0000-0000-000000000753,CARD,150000
76,2,2,9100452,81000000-0000-0000-0000-000000000754,82000000-0000-0000-0000-000000000754,CARD,150000
76,3,1,9100453,81000000-0000-0000-0000-000000000755,82000000-0000-0000-0000-000000000755,CARD,150000
76,3,2,9100453,81000000-0000-0000-0000-000000000756,82000000-0000-0000-0000-000000000756,CARD,150000
76,4,1,9100454,81000000-0000-0000-0000-000000000757,82000000-0000-0000-0000-000000000757,CARD,150000
76,4,2,9100454,81000000-0000-0000-0000-000000000758,82000000-0000-0000-0000-000000000758,CARD,150000
76,5,1,9100455,81000000-0000-0000-0000-000000000759,82000000-0000-0000-0000-000000000759,CARD,150000
76,6,1,9100456,81000000-0000-0000-0000-000000000760,82000000-0000-0000-0000-000000000760,CARD,150000
77,1,1,9100457,81000000-0000-0000-0000-000000000761,82000000-0000-0000-0000-000000000761,CARD,150000
77,1,2,9100457,81000000-0000-0000-0000-000000000762,82000000-0000-0000-0000-000000000762,CARD,150000
77,2,1,9100458,81000000-0000-0000-0000-000000000763,82000000-0000-0000-0000-000000000763,CARD,150000
77,2,2,9100458,81000000-0000-0000-0000-000000000764,82000000-0000-0000-0000-000000000764,CARD,150000
77,3,1,9100459,81000000-0000-0000-0000-000000000765,82000000-0000-0000-0000-000000000765,CARD,150000
77,3,2,9100459,81000000-0000-0000-0000-000000000766,82000000-0000-0000-0000-000000000766,CARD,150000
77,4,1,9100460,81000000-0000-0000-0000-000000000767,82000000-0000-0000-0000-000000000767,CARD,150000
77,4,2,9100460,81000000-0000-0000-0000-000000000768,82000000-0000-0000-0000-000000000768,CARD,150000
77,5,1,9100461,81000000-0000-0000-0000-000000000769,82000000-0000-0000-0000-000000000769,CARD,150000
77,6,1,9100462,81000000-0000-0000-0000-000000000770,82000000-0000-0000-0000-000000000770,CARD,150000
78,1,1,9100463,81000000-0000-0000-0000-000000000771,82000000-0000-0000-0000-000000000771,CARD,150000
78,1,2,9100463,81000000-0000-0000-0000-000000000772,82000000-0000-0000-0000-000000000772,CARD,150000
78,2,1,9100464,81000000-0000-0000-0000-000000000773,82000000-0000-0000-0000-000000000773,CARD,150000
78,2,2,9100464,81000000-0000-0000-0000-000000000774,82000000-0000-0000-0000-000000000774,CARD,150000
78,3,1,9100465,81000000-0000-0000-0000-000000000775,82000000-0000-0000-0000-000000000775,CARD,150000
78,3,2,9100465,81000000-0000-0000-0000-000000000776,82000000-0000-0000-0000-000000000776,CARD,150000
78,4,1,9100466,81000000-0000-0000-0000-000000000777,82000000-0000-0000-0000-000000000777,CARD,150000
78,4,2,9100466,81000000-0000-0000-0000-000000000778,82000000-0000-0000-0000-000000000778,CARD,150000
78,5,1,9100467,81000000-0000-0000-0000-000000000779,82000000-0000-0000-0000-000000000779,CARD,150000
78,6,1,9100468,81000000-0000-0000-0000-000000000780,82000000-0000-0000-0000-000000000780,CARD,150000
79,1,1,9100469,81000000-0000-0000-0000-000000000781,82000000-0000-0000-0000-000000000781,CARD,150000
79,1,2,9100469,81000000-0000-0000-0000-000000000782,82000000-0000-0000-0000-000000000782,CARD,150000
79,2,1,9100470,81000000-0000-0000-0000-000000000783,82000000-0000-0000-0000-000000000783,CARD,150000
79,2,2,9100470,81000000-0000-0000-0000-000000000784,82000000-0000-0000-0000-000000000784,CARD,150000
79,3,1,9100471,81000000-0000-0000-0000-000000000785,82000000-0000-0000-0000-000000000785,CARD,150000
79,3,2,9100471,81000000-0000-0000-0000-000000000786,82000000-0000-0000-0000-000000000786,CARD,150000
79,4,1,9100472,81000000-0000-0000-0000-000000000787,82000000-0000-0000-0000-000000000787,CARD,150000
79,4,2,9100472,81000000-0000-0000-0000-000000000788,82000000-0000-0000-0000-000000000788,CARD,150000
79,5,1,9100473,81000000-0000-0000-0000-000000000789,82000000-0000-0000-0000-000000000789,CARD,150000
79,6,1,9100474,81000000-0000-0000-0000-000000000790,82000000-0000-0000-0000-000000000790,CARD,150000
80,1,1,9100475,81000000-0000-0000-0000-000000000791,82000000-0000-0000-0000-000000000791,CARD,150000
80,1,2,9100475,81000000-0000-0000-0000-000000000792,82000000-0000-0000-0000-000000000792,CARD,150000
80,2,1,9100476,81000000-0000-0000-0000-000000000793,82000000-0000-0000-0000-000000000793,CARD,150000
80,2,2,9100476,81000000-0000-0000-0000-000000000794,82000000-0000-0000-0000-000000000794,CARD,150000
80,3,1,9100477,81000000-0000-0000-0000-000000000795,82000000-0000-0000-0000-000000000795,CARD,150000
80,3,2,9100477,81000000-0000-0000-0000-000000000796,82000000-0000-0000-0000-000000000796,CARD,150000
80,4,1,9100478,81000000-0000-0000-0000-000000000797,82000000-0000-0000-0000-000000000797,CARD,150000
80,4,2,9100478,81000000-0000-0000-0000-000000000798,82000000-0000-0000-0000-000000000798,CARD,150000
80,5,1,9100479,81000000-0000-0000-0000-000000000799,82000000-0000-0000-0000-000000000799,CARD,150000
80,6,1,9100480,81000000-0000-0000-0000-000000000800,82000000-0000-0000-0000-000000000800,CARD,150000
81,1,1,9100481,81000000-0000-0000-0000-000000000801,82000000-0000-0000-0000-000000000801,CARD,150000
81,1,2,9100481,81000000-0000-0000-0000-000000000802,82000000-0000-0000-0000-000000000802,CARD,150000
81,2,1,9100482,81000000-0000-0000-0000-000000000803,82000000-0000-0000-0000-000000000803,CARD,150000
81,2,2,9100482,81000000-0000-0000-0000-000000000804,82000000-0000-0000-0000-000000000804,CARD,150000
81,3,1,9100483,81000000-0000-0000-0000-000000000805,82000000-0000-0000-0000-000000000805,CARD,150000
81,3,2,9100483,81000000-0000-0000-0000-000000000806,82000000-0000-0000-0000-000000000806,CARD,150000
81,4,1,9100484,81000000-0000-0000-0000-000000000807,82000000-0000-0000-0000-000000000807,CARD,150000
81,4,2,9100484,81000000-0000-0000-0000-000000000808,82000000-0000-0000-0000-000000000808,CARD,150000
81,5,1,9100485,81000000-0000-0000-0000-000000000809,82000000-0000-0000-0000-000000000809,CARD,150000
81,6,1,9100486,81000000-0000-0000-0000-000000000810,82000000-0000-0000-0000-000000000810,CARD,150000
82,1,1,9100487,81000000-0000-0000-0000-000000000811,82000000-0000-0000-0000-000000000811,CARD,150000
82,1,2,9100487,81000000-0000-0000-0000-000000000812,82000000-0000-0000-0000-000000000812,CARD,150000
82,2,1,9100488,81000000-0000-0000-0000-000000000813,82000000-0000-0000-0000-000000000813,CARD,150000
82,2,2,9100488,81000000-0000-0000-0000-000000000814,82000000-0000-0000-0000-000000000814,CARD,150000
82,3,1,9100489,81000000-0000-0000-0000-000000000815,82000000-0000-0000-0000-000000000815,CARD,150000
82,3,2,9100489,81000000-0000-0000-0000-000000000816,82000000-0000-0000-0000-000000000816,CARD,150000
82,4,1,9100490,81000000-0000-0000-0000-000000000817,82000000-0000-0000-0000-000000000817,CARD,150000
82,4,2,9100490,81000000-0000-0000-0000-000000000818,82000000-0000-0000-0000-000000000818,CARD,150000
82,5,1,9100491,81000000-0000-0000-0000-000000000819,82000000-0000-0000-0000-000000000819,CARD,150000
82,6,1,9100492,81000000-0000-0000-0000-000000000820,82000000-0000-0000-0000-000000000820,CARD,150000
83,1,1,9100493,81000000-0000-0000-0000-000000000821,82000000-0000-0000-0000-000000000821,CARD,150000
83,1,2,9100493,81000000-0000-0000-0000-000000000822,82000000-0000-0000-0000-000000000822,CARD,150000
83,2,1,9100494,81000000-0000-0000-0000-000000000823,82000000-0000-0000-0000-000000000823,CARD,150000
83,2,2,9100494,81000000-0000-0000-0000-000000000824,82000000-0000-0000-0000-000000000824,CARD,150000
83,3,1,9100495,81000000-0000-0000-0000-000000000825,82000000-0000-0000-0000-000000000825,CARD,150000
83,3,2,9100495,81000000-0000-0000-0000-000000000826,82000000-0000-0000-0000-000000000826,CARD,150000
83,4,1,9100496,81000000-0000-0000-0000-000000000827,82000000-0000-0000-0000-000000000827,CARD,150000
83,4,2,9100496,81000000-0000-0000-0000-000000000828,82000000-0000-0000-0000-000000000828,CARD,150000
83,5,1,9100497,81000000-0000-0000-0000-000000000829,82000000-0000-0000-0000-000000000829,CARD,150000
83,6,1,9100498,81000000-0000-0000-0000-000000000830,82000000-0000-0000-0000-000000000830,CARD,150000
84,1,1,9100499,81000000-0000-0000-0000-000000000831,82000000-0000-0000-0000-000000000831,CARD,150000
84,1,2,9100499,81000000-0000-0000-0000-000000000832,82000000-0000-0000-0000-000000000832,CARD,150000
84,2,1,9100500,81000000-0000-0000-0000-000000000833,82000000-0000-0000-0000-000000000833,CARD,150000
84,2,2,9100500,81000000-0000-0000-0000-000000000834,82000000-0000-0000-0000-000000000834,CARD,150000
84,3,1,9100501,81000000-0000-0000-0000-000000000835,82000000-0000-0000-0000-000000000835,CARD,150000
84,3,2,9100501,81000000-0000-0000-0000-000000000836,82000000-0000-0000-0000-000000000836,CARD,150000
84,4,1,9100502,81000000-0000-0000-0000-000000000837,82000000-0000-0000-0000-000000000837,CARD,150000
84,4,2,9100502,81000000-0000-0000-0000-000000000838,82000000-0000-0000-0000-000000000838,CARD,150000
84,5,1,9100503,81000000-0000-0000-0000-000000000839,82000000-0000-0000-0000-000000000839,CARD,150000
84,6,1,9100504,81000000-0000-0000-0000-000000000840,82000000-0000-0000-0000-000000000840,CARD,150000
85,1,1,9100505,81000000-0000-0000-0000-000000000841,82000000-0000-0000-0000-000000000841,CARD,150000
85,1,2,9100505,81000000-0000-0000-0000-000000000842,82000000-0000-0000-0000-000000000842,CARD,150000
85,2,1,9100506,81000000-0000-0000-0000-000000000843,82000000-0000-0000-0000-000000000843,CARD,150000
85,2,2,9100506,81000000-0000-0000-0000-000000000844,82000000-0000-0000-0000-000000000844,CARD,150000
85,3,1,9100507,81000000-0000-0000-0000-000000000845,82000000-0000-0000-0000-000000000845,CARD,150000
85,3,2,9100507,81000000-0000-0000-0000-000000000846,82000000-0000-0000-0000-000000000846,CARD,150000
85,4,1,9100508,81000000-0000-0000-0000-000000000847,82000000-0000-0000-0000-000000000847,CARD,150000
85,4,2,9100508,81000000-0000-0000-0000-000000000848,82000000-0000-0000-0000-000000000848,CARD,150000
85,5,1,9100509,81000000-0000-0000-0000-000000000849,82000000-0000-0000-0000-000000000849,CARD,150000
85,6,1,9100510,81000000-0000-0000-0000-000000000850,82000000-0000-0000-0000-000000000850,CARD,150000
86,1,1,9100511,81000000-0000-0000-0000-000000000851,82000000-0000-0000-0000-000000000851,CARD,150000
86,1,2,9100511,81000000-0000-0000-0000-000000000852,82000000-0000-0000-0000-000000000852,CARD,150000
86,2,1,9100512,81000000-0000-0000-0000-000000000853,82000000-0000-0000-0000-000000000853,CARD,150000
86,2,2,9100512,81000000-0000-0000-0000-000000000854,82000000-0000-0000-0000-000000000854,CARD,150000
86,3,1,9100513,81000000-0000-0000-0000-000000000855,82000000-0000-0000-0000-000000000855,CARD,150000
86,3,2,9100513,81000000-0000-0000-0000-000000000856,82000000-0000-0000-0000-000000000856,CARD,150000
86,4,1,9100514,81000000-0000-0000-0000-000000000857,82000000-0000-0000-0000-000000000857,CARD,150000
86,4,2,9100514,81000000-0000-0000-0000-000000000858,82000000-0000-0000-0000-000000000858,CARD,150000
86,5,1,9100515,81000000-0000-0000-0000-000000000859,82000000-0000-0000-0000-000000000859,CARD,150000
86,6,1,9100516,81000000-0000-0000-0000-000000000860,82000000-0000-0000-0000-000000000860,CARD,150000
87,1,1,9100517,81000000-0000-0000-0000-000000000861,82000000-0000-0000-0000-000000000861,CARD,150000
87,1,2,9100517,81000000-0000-0000-0000-000000000862,82000000-0000-0000-0000-000000000862,CARD,150000
87,2,1,9100518,81000000-0000-0000-0000-000000000863,82000000-0000-0000-0000-000000000863,CARD,150000
87,2,2,9100518,81000000-0000-0000-0000-000000000864,82000000-0000-0000-0000-000000000864,CARD,150000
87,3,1,9100519,81000000-0000-0000-0000-000000000865,82000000-0000-0000-0000-000000000865,CARD,150000
87,3,2,9100519,81000000-0000-0000-0000-000000000866,82000000-0000-0000-0000-000000000866,CARD,150000
87,4,1,9100520,81000000-0000-0000-0000-000000000867,82000000-0000-0000-0000-000000000867,CARD,150000
87,4,2,9100520,81000000-0000-0000-0000-000000000868,82000000-0000-0000-0000-000000000868,CARD,150000
87,5,1,9100521,81000000-0000-0000-0000-000000000869,82000000-0000-0000-0000-000000000869,CARD,150000
87,6,1,9100522,81000000-0000-0000-0000-000000000870,82000000-0000-0000-0000-000000000870,CARD,150000
88,1,1,9100523,81000000-0000-0000-0000-000000000871,82000000-0000-0000-0000-000000000871,CARD,150000
88,1,2,9100523,81000000-0000-0000-0000-000000000872,82000000-0000-0000-0000-000000000872,CARD,150000
88,2,1,9100524,81000000-0000-0000-0000-000000000873,82000000-0000-0000-0000-000000000873,CARD,150000
88,2,2,9100524,81000000-0000-0000-0000-000000000874,82000000-0000-0000-0000-000000000874,CARD,150000
88,3,1,9100525,81000000-0000-0000-0000-000000000875,82000000-0000-0000-0000-000000000875,CARD,150000
88,3,2,9100525,81000000-0000-0000-0000-000000000876,82000000-0000-0000-0000-000000000876,CARD,150000
88,4,1,9100526,81000000-0000-0000-0000-000000000877,82000000-0000-0000-0000-000000000877,CARD,150000
88,4,2,9100526,81000000-0000-0000-0000-000000000878,82000000-0000-0000-0000-000000000878,CARD,150000
88,5,1,9100527,81000000-0000-0000-0000-000000000879,82000000-0000-0000-0000-000000000879,CARD,150000
88,6,1,9100528,81000000-0000-0000-0000-000000000880,82000000-0000-0000-0000-000000000880,CARD,150000
89,1,1,9100529,81000000-0000-0000-0000-000000000881,82000000-0000-0000-0000-000000000881,CARD,150000
89,1,2,9100529,81000000-0000-0000-0000-000000000882,82000000-0000-0000-0000-000000000882,CARD,150000
89,2,1,9100530,81000000-0000-0000-0000-000000000883,82000000-0000-0000-0000-000000000883,CARD,150000
89,2,2,9100530,81000000-0000-0000-0000-000000000884,82000000-0000-0000-0000-000000000884,CARD,150000
89,3,1,9100531,81000000-0000-0000-0000-000000000885,82000000-0000-0000-0000-000000000885,CARD,150000
89,3,2,9100531,81000000-0000-0000-0000-000000000886,82000000-0000-0000-0000-000000000886,CARD,150000
89,4,1,9100532,81000000-0000-0000-0000-000000000887,82000000-0000-0000-0000-000000000887,CARD,150000
89,4,2,9100532,81000000-0000-0000-0000-000000000888,82000000-0000-0000-0000-000000000888,CARD,150000
89,5,1,9100533,81000000-0000-0000-0000-000000000889,82000000-0000-0000-0000-000000000889,CARD,150000
89,6,1,9100534,81000000-0000-0000-0000-000000000890,82000000-0000-0000-0000-000000000890,CARD,150000
90,1,1,9100535,81000000-0000-0000-0000-000000000891,82000000-0000-0000-0000-000000000891,CARD,150000
90,1,2,9100535,81000000-0000-0000-0000-000000000892,82000000-0000-0000-0000-000000000892,CARD,150000
90,2,1,9100536,81000000-0000-0000-0000-000000000893,82000000-0000-0000-0000-000000000893,CARD,150000
90,2,2,9100536,81000000-0000-0000-0000-000000000894,82000000-0000-0000-0000-000000000894,CARD,150000
90,3,1,9100537,81000000-0000-0000-0000-000000000895,82000000-0000-0000-0000-000000000895,CARD,150000
90,3,2,9100537,81000000-0000-0000-0000-000000000896,82000000-0000-0000-0000-000000000896,CARD,150000
90,4,1,9100538,81000000-0000-0000-0000-000000000897,82000000-0000-0000-0000-000000000897,CARD,150000
90,4,2,9100538,81000000-0000-0000-0000-000000000898,82000000-0000-0000-0000-000000000898,CARD,150000
90,5,1,9100539,81000000-0000-0000-0000-000000000899,82000000-0000-0000-0000-000000000899,CARD,150000
90,6,1,9100540,81000000-0000-0000-0000-000000000900,82000000-0000-0000-0000-000000000900,CARD,150000
91,1,1,9100541,81000000-0000-0000-0000-000000000901,82000000-0000-0000-0000-000000000901,CARD,150000
91,1,2,9100541,81000000-0000-0000-0000-000000000902,82000000-0000-0000-0000-000000000902,CARD,150000
91,2,1,9100542,81000000-0000-0000-0000-000000000903,82000000-0000-0000-0000-000000000903,CARD,150000
91,2,2,9100542,81000000-0000-0000-0000-000000000904,82000000-0000-0000-0000-000000000904,CARD,150000
91,3,1,9100543,81000000-0000-0000-0000-000000000905,82000000-0000-0000-0000-000000000905,CARD,150000
91,3,2,9100543,81000000-0000-0000-0000-000000000906,82000000-0000-0000-0000-000000000906,CARD,150000
91,4,1,9100544,81000000-0000-0000-0000-000000000907,82000000-0000-0000-0000-000000000907,CARD,150000
91,4,2,9100544,81000000-0000-0000-0000-000000000908,82000000-0000-0000-0000-000000000908,CARD,150000
91,5,1,9100545,81000000-0000-0000-0000-000000000909,82000000-0000-0000-0000-000000000909,CARD,150000
91,6,1,9100546,81000000-0000-0000-0000-000000000910,82000000-0000-0000-0000-000000000910,CARD,150000
92,1,1,9100547,81000000-0000-0000-0000-000000000911,82000000-0000-0000-0000-000000000911,CARD,150000
92,1,2,9100547,81000000-0000-0000-0000-000000000912,82000000-0000-0000-0000-000000000912,CARD,150000
92,2,1,9100548,81000000-0000-0000-0000-000000000913,82000000-0000-0000-0000-000000000913,CARD,150000
92,2,2,9100548,81000000-0000-0000-0000-000000000914,82000000-0000-0000-0000-000000000914,CARD,150000
92,3,1,9100549,81000000-0000-0000-0000-000000000915,82000000-0000-0000-0000-000000000915,CARD,150000
92,3,2,9100549,81000000-0000-0000-0000-000000000916,82000000-0000-0000-0000-000000000916,CARD,150000
92,4,1,9100550,81000000-0000-0000-0000-000000000917,82000000-0000-0000-0000-000000000917,CARD,150000
92,4,2,9100550,81000000-0000-0000-0000-000000000918,82000000-0000-0000-0000-000000000918,CARD,150000
92,5,1,9100551,81000000-0000-0000-0000-000000000919,82000000-0000-0000-0000-000000000919,CARD,150000
92,6,1,9100552,81000000-0000-0000-0000-000000000920,82000000-0000-0000-0000-000000000920,CARD,150000
93,1,1,9100553,81000000-0000-0000-0000-000000000921,82000000-0000-0000-0000-000000000921,CARD,150000
93,1,2,9100553,81000000-0000-0000-0000-000000000922,82000000-0000-0000-0000-000000000922,CARD,150000
93,2,1,9100554,81000000-0000-0000-0000-000000000923,82000000-0000-0000-0000-000000000923,CARD,150000
93,2,2,9100554,81000000-0000-0000-0000-000000000924,82000000-0000-0000-0000-000000000924,CARD,150000
93,3,1,9100555,81000000-0000-0000-0000-000000000925,82000000-0000-0000-0000-000000000925,CARD,150000
93,3,2,9100555,81000000-0000-0000-0000-000000000926,82000000-0000-0000-0000-000000000926,CARD,150000
93,4,1,9100556,81000000-0000-0000-0000-000000000927,82000000-0000-0000-0000-000000000927,CARD,150000
93,4,2,9100556,81000000-0000-0000-0000-000000000928,82000000-0000-0000-0000-000000000928,CARD,150000
93,5,1,9100557,81000000-0000-0000-0000-000000000929,82000000-0000-0000-0000-000000000929,CARD,150000
93,6,1,9100558,81000000-0000-0000-0000-000000000930,82000000-0000-0000-0000-000000000930,CARD,150000
94,1,1,9100559,81000000-0000-0000-0000-000000000931,82000000-0000-0000-0000-000000000931,CARD,150000
94,1,2,9100559,81000000-0000-0000-0000-000000000932,82000000-0000-0000-0000-000000000932,CARD,150000
94,2,1,9100560,81000000-0000-0000-0000-000000000933,82000000-0000-0000-0000-000000000933,CARD,150000
94,2,2,9100560,81000000-0000-0000-0000-000000000934,82000000-0000-0000-0000-000000000934,CARD,150000
94,3,1,9100561,81000000-0000-0000-0000-000000000935,82000000-0000-0000-0000-000000000935,CARD,150000
94,3,2,9100561,81000000-0000-0000-0000-000000000936,82000000-0000-0000-0000-000000000936,CARD,150000
94,4,1,9100562,81000000-0000-0000-0000-000000000937,82000000-0000-0000-0000-000000000937,CARD,150000
94,4,2,9100562,81000000-0000-0000-0000-000000000938,82000000-0000-0000-0000-000000000938,CARD,150000
94,5,1,9100563,81000000-0000-0000-0000-000000000939,82000000-0000-0000-0000-000000000939,CARD,150000
94,6,1,9100564,81000000-0000-0000-0000-000000000940,82000000-0000-0000-0000-000000000940,CARD,150000
95,1,1,9100565,81000000-0000-0000-0000-000000000941,82000000-0000-0000-0000-000000000941,CARD,150000
95,1,2,9100565,81000000-0000-0000-0000-000000000942,82000000-0000-0000-0000-000000000942,CARD,150000
95,2,1,9100566,81000000-0000-0000-0000-000000000943,82000000-0000-0000-0000-000000000943,CARD,150000
95,2,2,9100566,81000000-0000-0000-0000-000000000944,82000000-0000-0000-0000-000000000944,CARD,150000
95,3,1,9100567,81000000-0000-0000-0000-000000000945,82000000-0000-0000-0000-000000000945,CARD,150000
95,3,2,9100567,81000000-0000-0000-0000-000000000946,82000000-0000-0000-0000-000000000946,CARD,150000
95,4,1,9100568,81000000-0000-0000-0000-000000000947,82000000-0000-0000-0000-000000000947,CARD,150000
95,4,2,9100568,81000000-0000-0000-0000-000000000948,82000000-0000-0000-0000-000000000948,CARD,150000
95,5,1,9100569,81000000-0000-0000-0000-000000000949,82000000-0000-0000-0000-000000000949,CARD,150000
95,6,1,9100570,81000000-0000-0000-0000-000000000950,82000000-0000-0000-0000-000000000950,CARD,150000
96,1,1,9100571,81000000-0000-0000-0000-000000000951,82000000-0000-0000-0000-000000000951,CARD,150000
96,1,2,9100571,81000000-0000-0000-0000-000000000952,82000000-0000-0000-0000-000000000952,CARD,150000
96,2,1,9100572,81000000-0000-0000-0000-000000000953,82000000-0000-0000-0000-000000000953,CARD,150000
96,2,2,9100572,81000000-0000-0000-0000-000000000954,82000000-0000-0000-0000-000000000954,CARD,150000
96,3,1,9100573,81000000-0000-0000-0000-000000000955,82000000-0000-0000-0000-000000000955,CARD,150000
96,3,2,9100573,81000000-0000-0000-0000-000000000956,82000000-0000-0000-0000-000000000956,CARD,150000
96,4,1,9100574,81000000-0000-0000-0000-000000000957,82000000-0000-0000-0000-000000000957,CARD,150000
96,4,2,9100574,81000000-0000-0000-0000-000000000958,82000000-0000-0000-0000-000000000958,CARD,150000
96,5,1,9100575,81000000-0000-0000-0000-000000000959,82000000-0000-0000-0000-000000000959,CARD,150000
96,6,1,9100576,81000000-0000-0000-0000-000000000960,82000000-0000-0000-0000-000000000960,CARD,150000
97,1,1,9100577,81000000-0000-0000-0000-000000000961,82000000-0000-0000-0000-000000000961,CARD,150000
97,1,2,9100577,81000000-0000-0000-0000-000000000962,82000000-0000-0000-0000-000000000962,CARD,150000
97,2,1,9100578,81000000-0000-0000-0000-000000000963,82000000-0000-0000-0000-000000000963,CARD,150000
97,2,2,9100578,81000000-0000-0000-0000-000000000964,82000000-0000-0000-0000-000000000964,CARD,150000
97,3,1,9100579,81000000-0000-0000-0000-000000000965,82000000-0000-0000-0000-000000000965,CARD,150000
97,3,2,9100579,81000000-0000-0000-0000-000000000966,82000000-0000-0000-0000-000000000966,CARD,150000
97,4,1,9100580,81000000-0000-0000-0000-000000000967,82000000-0000-0000-0000-000000000967,CARD,150000
97,4,2,9100580,81000000-0000-0000-0000-000000000968,82000000-0000-0000-0000-000000000968,CARD,150000
97,5,1,9100581,81000000-0000-0000-0000-000000000969,82000000-0000-0000-0000-000000000969,CARD,150000
97,6,1,9100582,81000000-0000-0000-0000-000000000970,82000000-0000-0000-0000-000000000970,CARD,150000
98,1,1,9100583,81000000-0000-0000-0000-000000000971,82000000-0000-0000-0000-000000000971,CARD,150000
98,1,2,9100583,81000000-0000-0000-0000-000000000972,82000000-0000-0000-0000-000000000972,CARD,150000
98,2,1,9100584,81000000-0000-0000-0000-000000000973,82000000-0000-0000-0000-000000000973,CARD,150000
98,2,2,9100584,81000000-0000-0000-0000-000000000974,82000000-0000-0000-0000-000000000974,CARD,150000
98,3,1,9100585,81000000-0000-0000-0000-000000000975,82000000-0000-0000-0000-000000000975,CARD,150000
98,3,2,9100585,81000000-0000-0000-0000-000000000976,82000000-0000-0000-0000-000000000976,CARD,150000
98,4,1,9100586,81000000-0000-0000-0000-000000000977,82000000-0000-0000-0000-000000000977,CARD,150000
98,4,2,9100586,81000000-0000-0000-0000-000000000978,82000000-0000-0000-0000-000000000978,CARD,150000
98,5,1,9100587,81000000-0000-0000-0000-000000000979,82000000-0000-0000-0000-000000000979,CARD,150000
98,6,1,9100588,81000000-0000-0000-0000-000000000980,82000000-0000-0000-0000-000000000980,CARD,150000
99,1,1,9100589,81000000-0000-0000-0000-000000000981,82000000-0000-0000-0000-000000000981,CARD,150000
99,1,2,9100589,81000000-0000-0000-0000-000000000982,82000000-0000-0000-0000-000000000982,CARD,150000
99,2,1,9100590,81000000-0000-0000-0000-000000000983,82000000-0000-0000-0000-000000000983,CARD,150000
99,2,2,9100590,81000000-0000-0000-0000-000000000984,82000000-0000-0000-0000-000000000984,CARD,150000
99,3,1,9100591,81000000-0000-0000-0000-000000000985,82000000-0000-0000-0000-000000000985,CARD,150000
99,3,2,9100591,81000000-0000-0000-0000-000000000986,82000000-0000-0000-0000-000000000986,CARD,150000
99,4,1,9100592,81000000-0000-0000-0000-000000000987,82000000-0000-0000-0000-000000000987,CARD,150000
99,4,2,9100592,81000000-0000-0000-0000-000000000988,82000000-0000-0000-0000-000000000988,CARD,150000
99,5,1,9100593,81000000-0000-0000-0000-000000000989,82000000-0000-0000-0000-000000000989,CARD,150000
99,6,1,9100594,81000000-0000-0000-0000-000000000990,82000000-0000-0000-0000-000000000990,CARD,150000
100,1,1,9100595,81000000-0000-0000-0000-000000000991,82000000-0000-0000-0000-000000000991,CARD,150000
100,1,2,9100595,81000000-0000-0000-0000-000000000992,82000000-0000-0000-0000-000000000992,CARD,150000
100,2,1,9100596,81000000-0000-0000-0000-000000000993,82000000-0000-0000-0000-000000000993,CARD,150000
100,2,2,9100596,81000000-0000-0000-0000-000000000994,82000000-0000-0000-0000-000000000994,CARD,150000
100,3,1,9100597,81000000-0000-0000-0000-000000000995,82000000-0000-0000-0000-000000000995,CARD,150000
100,3,2,9100597,81000000-0000-0000-0000-000000000996,82000000-0000-0000-0000-000000000996,CARD,150000
100,4,1,9100598,81000000-0000-0000-0000-000000000997,82000000-0000-0000-0000-000000000997,CARD,150000
100,4,2,9100598,81000000-0000-0000-0000-000000000998,82000000-0000-0000-0000-000000000998,CARD,150000
100,5,1,9100599,81000000-0000-0000-0000-000000000999,82000000-0000-0000-0000-000000000999,CARD,150000
100,6,1,9100600,81000000-0000-0000-0000-000000001000,82000000-0000-0000-0000-000000001000,CARD,150000
